,names,stars,rating&reviews,Price,battery,processor,warranty,DisplaySize,RAM,ROM,DisplayType,FrontCamera,RearCamera
0,SAMSUNG Galaxy F13,4.4,"1,20,759 Ratings & 7,003 Reviews",9699,6000.0,Exynos 850 Processor,1 Year,16.76,4 GB,64 GB,Full HD+,8MP,50MP + 5MP + 2MP
1,itel it2163S,4.1,702 Ratings & 67 Reviews,989,1200.0,,,4.57,4 MB,4 MB,Quarter QVGA,,
2,SAMSUNG Galaxy F13,4.4,"1,20,759 Ratings & 7,003 Reviews",10699,6000.0,Exynos 850 Processor,1 Year,16.76,4 GB,128 GB,Full HD+,8MP,50MP + 5MP + 2MP
3,Infinix HOT 20 Play,4.4,"7,152 Ratings & 419 Reviews",8999,6000.0,MediaTek G37 Processor,1 Year,17.32,4 GB,64 GB,HD+,8MP,13Mp + AI Lens
4,GREENBERRI VIRAT,3.7,321 Ratings & 48 Reviews,849,1000.0,,1 Year,4.57,64 MB,64 MB,,,2MP
5,Infinix HOT 20 Play,4.4,"7,152 Ratings & 419 Reviews",8199,6000.0,MediaTek G37 Processor,1 Year,17.32,4 GB,64 GB,HD+,8MP,13Mp + AI Lens
6,REDMI 9i Sport,4.3,"2,33,345 Ratings & 13,720 Reviews",7499,5000.0,MediaTek Helio G25 Processor,1 Year,16.59,4 GB,64 GB,HD+,5MP,13MP
7,POCO C31,4.3,"2,00,053 Ratings & 11,623 Reviews",7499,5000.0,MediaTek Helio G35 Processor,1 Year,16.59,4 GB,64 GB,HD+,5MP,13MP + 2MP + 2MP
8,MOTOROLA G62 5G,4.1,"3,862 Ratings & 395 Reviews",15999,5000.0,Qualcomm Snapdragon 695 5G Processor,1 Year,16.64,8 GB,128 GB,Full HD+,16MP,50MP + 8MP + 2MP
9,REDMI 10,4.3,"1,85,348 Ratings & 12,005 Reviews",9999,6000.0,Qualcomm Snapdragon 680 Processor,1 Year,17.02,4 GB,64 GB,HD+,5MP,50MP + 2MP
10,POCO M4 Pro,4.3,"1,48,122 Ratings & 13,348 Reviews",13499,5000.0,Mediatek Helio G96 Processor,1 Year,16.33,6 GB,128 GB,Full HD+ AMOLED,16MP,64MP + 8MP + 2MP
11,APPLE iPhone 14,4.7,"14,444 Ratings & 620 Reviews",71999,,"A15 Bionic Chip, 6 Core Processor Processor",1 Year,15.49,,128 GB,Super Retina XDR,12MP,12MP + 12MP
12,POCO C31,4.3,"2,00,053 Ratings & 11,623 Reviews",7499,5000.0,MediaTek G35 Processor,1 Year,16.59,4 GB,64 GB,HD+,5MP,13MP + 2MP + 2MP
13,POCO M4 Pro,4.3,"1,48,122 Ratings & 13,348 Reviews",11999,5000.0,Mediatek Helio G96 Processor,1 Year,16.33,6 GB,64 GB,Full HD+ AMOLED,16MP,64MP + 8MP + 2MP
14,MOTOROLA g52,4.2,"26,570 Ratings & 3,176 Reviews",12999,5000.0,Qualcomm Snapdragon 680 Processor,1 Year,16.76,6 GB,128 GB,Full HD+,16MP,50MP + 8MP + 2MP
15,Infinix Smart 6 HD,4.4,"21,397 Ratings & 1,201 Reviews",5599,5000.0,Mediatek Helio A22 Processor,1 Year,16.76,2 GB,32 GB,HD+,5MP,8MP
16,MOTOROLA e13,,,7999,5000.0,Unisoc T606 Processor,1 Year,16.51,4 GB,64 GB,HD+,5MP,13MP
17,MOTOROLA g31,4.2,"33,480 Ratings & 3,811 Reviews",9499,5000.0,Mediatek Helio G85 Processor,1 Year,16.26,4 GB,64 GB,Full HD+,13MP,50MP + 8MP + 2MP
18,SAMSUNG Galaxy F04,4.5,"2,365 Ratings & 107 Reviews",8999,5000.0,Mediatek Helio P35 Processor,1 Year,16.51,4 GB,64 GB,HD,5MP,13MP + 2MP
19,SAMSUNG Galaxy F23 5G,4.3,"1,55,335 Ratings & 12,482 Reviews",15999,5000.0,Qualcomm Snapdragon 750G Processor,1 Year,16.76,6 GB,128 GB,Full HD+,8MP,50MP + 8MP + 2MP
20,APPLE iPhone 11,4.6,"1,83,377 Ratings & 10,781 Reviews",46999,,A13 Bionic Chip Processor,1 Year,15.49,,128 GB,Liquid Retina HD,12MP,12MP + 12MP
21,itel IT5626,4.0,"1,310 Ratings & 138 Reviews",1749,2500.0,SC6531C Processor,1 Year,7.11,8 MB,8 MB,QVGA,,0.3MP
22,realme C35,4.4,"1,67,453 Ratings & 9,737 Reviews",11999,5000.0,Unisoc Tiger T616 Processor,1 Year,16.76,4 GB,64 GB,Full HD+,8MP,50MP + 2MP + 0.3MP
23,Nokia 105 SS,4.2,"29,220 Ratings & 2,097 Reviews",1299,800.0,SC6531E Processor,1 Year,4.5,32 MB,32 MB,QVGA,0MP,
24,MOTOROLA G32,4.2,"26,663 Ratings & 2,597 Reviews",10499,5000.0,Qualcomm Snapdragon 680 Processor,1 Year,16.64,4 GB,64 GB,Full HD+,16MP,50MP + 8MP + 2MP
25,POCO C31,4.3,"1,33,171 Ratings & 8,461 Reviews",6499,5000.0,MediaTek Helio G35 Processor,1 Year,16.59,3 GB,32 GB,HD+,5MP,13MP + 2MP + 2MP
26,MOTOROLA g31,4.2,"33,480 Ratings & 3,811 Reviews",9499,5000.0,Mediatek Helio G85 Processor,1 Year,16.26,4 GB,64 GB,Full HD+,13MP,50MP + 8MP + 2MP
27,MOTOROLA e13,4.3,"39,164 Ratings & 3,425 Reviews",7999,5000.0,Unisoc T606 Processor,1 Year,16.51,4 GB,64 GB,HD+,5MP,13MP
28,POCO M4 Pro 5G,4.2,"16,921 Ratings & 1,694 Reviews",12999,5000.0,Mediatek Dimensity 810 Processor,1 Year,16.76,4 GB,64 GB,Full HD+,16MP,50MP + 8MP
29,MOTOROLA G62 5G,4.2,586 Ratings & 56 Reviews,14999,5000.0,Qualcomm Snapdragon 695 5G Processor,1 Year,16.64,6 GB,128 GB,Full HD+,16MP,50MP + 8MP + 2MP
30,Infinix Hot 20 5G,,,12999,5000.0,Dimensity 810 Processor,1 Year,16.76,6 GB,128 GB,Full HD+,8MP,50MP + AI Lens
31,realme C30s,4.5,"4,628 Ratings & 166 Reviews",6999,5000.0,Unisoc SC9863A/ Unisoc SC9863A1 Processor,1 Year,16.51,2 GB,32 GB,HD+,5MP,8MP
32,MOTOROLA g52,4.2,"9,694 Ratings & 1,185 Reviews",10999,5000.0,Qualcomm Snapdragon 680 Processor,1 Year,16.76,4 GB,64 GB,Full HD+,16MP,50MP + 8MP + 2MP
33,realme C33,4.4,"18,982 Ratings & 794 Reviews",8999,5000.0,Unisoc T612 Processor,1 Year,16.51,3 GB,32 GB,HD+,5MP,50MP + 0.3MP
34,vivo T1 44W,4.5,"85,737 Ratings & 5,951 Reviews",14499,5000.0,Qualcomm Snapdragon 680 Processor,1 Year,16.36,4 GB,128 GB,Full HD+ AMOLED,16MP,50MP + 2MP + 2MP
35,POCO M4 Pro 5G,4.2,"12,100 Ratings & 990 Reviews",15999,5000.0,Mediatek Dimensity 810 Processor,1 Year,16.76,8 GB,128 GB,Full HD+,16MP,50MP + 8MP
36,realme C35,4.4,"1,67,453 Ratings & 9,737 Reviews",12999,5000.0,Unisoc Tiger T616 Processor,1 Year,16.76,4 GB,128 GB,Full HD+,8MP,50MP + 2MP + 0.3MP
37,MOTOROLA e40,4.2,"69,792 Ratings & 6,635 Reviews",8999,5000.0,UNISOC T700 Processor,1 Year,16.51,4 GB,64 GB,HD+,8MP,48MP + 2MP + 2MP
38,MOTOROLA g72,4.1,"9,600 Ratings & 1,373 Reviews",15999,5000.0,Mediatek Helio G99 Processor,1 Year,16.64,6 GB,128 GB,Full HD+,16MP,108MP + 8MP + 2MP
39,Infinix Hot 12,4.3,"18,080 Ratings & 1,310 Reviews",8999,6000.0,Meditek Helio G37 Processor,1 Year,17.32,4 GB,64 GB,HD+,8MP,50 MP + 2 MP + AI Lens
40,vivo T1 44W,4.4,"50,588 Ratings & 3,707 Reviews",15999,5000.0,Qualcomm Snapdragon 680 Processor,1 Year,16.36,6 GB,128 GB,Full HD+ AMOLED,16MP,50MP + 2MP + 2MP
41,APPLE iPhone 11,4.6,"1,83,377 Ratings & 10,781 Reviews",40999,,A13 Bionic Chip Processor,1 Year,15.49,,64 GB,Liquid Retina HD,12MP,12MP + 12MP
42,realme C33,4.5,"58,210 Ratings & 2,527 Reviews",9999,5000.0,Unisoc T612 Processor,1 Year,16.51,4 GB,64 GB,HD+,5MP,50MP + 0.3MP
43,REDMI Note 11 SE,4.3,"38,505 Ratings & 2,406 Reviews",11999,5000.0,Mediatek Helio G95 Octa Core Processor,1 Year,16.33,6 GB,64 GB,Full HD+,13MP,64MP + 8MP + 2MP + 2MP
44,OPPO A17k,4.5,436 Ratings & 8 Reviews,9499,5000.0,Mediatek Helio P35 Processor,1 Year,16.66,3 GB,64 GB,HD+,5MP,8MP
45,MOTOROLA g82 5G,4.1,"4,081 Ratings & 509 Reviews",20699,5000.0,Qualcomm Snapdragon 695 5G Processor,1 Year,16.76,8 GB,128 GB,Full HD+,16MP,50MP + 8MP + 2MP
46,realme C30,4.3,"81,191 Ratings & 4,361 Reviews",5999,5000.0,Unisoc T612 Processor,1 Year,16.51,2 GB,32 GB,HD+,5MP,8MP
47,vivo T1X,4.5,"77,005 Ratings & 4,378 Reviews",11999,5000.0,Qualcomm Snapdragon 680 Processor,1 Year,16.71,4 GB,64 GB,Full HD+,8MP,50MP + 2MP
48,realme C30,4.1,"38,096 Ratings & 2,471 Reviews",6999,5000.0,Unisoc T612 Processor,1 Year,16.51,3 GB,32 GB,HD+,5MP,8MP
49,POCO C50,4.3,"1,302 Ratings & 82 Reviews",6999,5000.0,"Mediatek Helio A22 Processor, Upto 2.0 GHz Processor",1 Year,16.56,3 GB,32 GB,HD+,5MP,8MP
50,vivo T1X,4.5,"77,005 Ratings & 4,378 Reviews",12999,5000.0,Qualcomm Snapdragon 680 Processor,1 Year,16.71,4 GB,128 GB,Full HD+,8MP,50MP + 2MP
51,realme 9i 5G,4.5,"40,359 Ratings & 1,894 Reviews",14999,5000.0,Mediatek Dimensity 810 5G Processor,1 Year,16.76,4 GB,64 GB,Full HD+,8MP,50MP + 2MP + 2MP
52,POCO M4 5G,4.2,"26,287 Ratings & 2,094 Reviews",13999,5000.0,Mediatek Dimensity 700 Processor,1 Year,16.71,6 GB,128 GB,Full HD+,8MP,50MP + 2MP
53,MOTOROLA g42,4.2,"5,367 Ratings & 604 Reviews",10999,5000.0,Qualcomm Snapdragon 680 Processor,1 Year,16.43,4 GB,64 GB,Full HD+ AMOLED,16MP,50MP + 8MP + 2MP
54,vivo T1 44W,4.3,"5,699 Ratings & 475 Reviews",17999,5000.0,Qualcomm Snapdragon 680 Processor,1 Year,16.36,8 GB,128 GB,Full HD+ AMOLED,16MP,50MP + 2MP + 2MP
55,Infinix NOTE 12i,4.3,669 Ratings & 85 Reviews,9999,5000.0,Mediatek Helio G85 Processor,1 Year,17.02,4 GB,64 GB,Full HD+ AMOLED,8MP,50 MP + 2 MP + QVGA
56,vivo T1X,4.4,"3,935 Ratings & 246 Reviews",14999,5000.0,Qualcomm Snapdragon 680 Processor,1 Year,16.71,6 GB,128 GB,Full HD+,8MP,50MP + 2MP
57,Realme C30 - Locked with Airtel Prepaid,4.3,"81,191 Ratings & 4,361 Reviews",5549,5000.0,Unisoc T612 Processor,1 Year,16.51,2 GB,32 GB,HD+,5MP,8MP
58,realme C35,4.2,"14,476 Ratings & 924 Reviews",13999,5000.0,Unisoc Tiger T616 Processor,1 Year,16.76,6 GB,128 GB,Full HD+,8MP,50MP + 2MP + 0.3MP
59,REDMI 10A,4.1,"1,771 Ratings & 124 Reviews",7694,5000.0,,12 Months,16.59,3 GB,32 GB,,,13MP
60,MOTOROLA g22,3.7,"28,971 Ratings & 3,428 Reviews",9499,5000.0,Mediatek Helio G37 Processor,1 Year,16.51,4 GB,64 GB,HD+,16MP,50MP + 8MP + 2MP + 2MP
61,POCO C50,4.4,"2,169 Ratings & 106 Reviews",6249,5000.0,"Mediatek Helio A22 Processor, Upto 2.0 GHz Processor",1 Year,16.56,2 GB,32 GB,HD+,5MP,8MP
62,REDMI 10,4.2,"24,591 Ratings & 1,791 Reviews",11999,6000.0,Qualcomm Snapdragon 680 Processor,1 Year,17.02,6 GB,128 GB,HD+,5MP,50MP + 2MP
63,realme C31,4.5,"46,216 Ratings & 1,829 Reviews",9299,5000.0,Unisoc T612 Processor,1 Year,16.56,3 GB,32 GB,HD,5MP,13MP + 2MP + 0.3MP
64,realme C31,4.4,"61,428 Ratings & 2,906 Reviews",9999,5000.0,Unisoc T612 Processor,1 Year,16.56,4 GB,64 GB,HD,5MP,13MP + 2MP + 0.3MP
65,POCO M4 Pro 5G,4.2,"47,346 Ratings & 4,146 Reviews",15499,5000.0,Mediatek Dimensity 810 Processor,1 Year,16.76,6 GB,128 GB,Full HD+,16MP,50MP + 8MP
66,realme Narzo 50,4.5,"15,322 Ratings & 978 Reviews",11775,5000.0,Mediatek Helio G96 Processor,1 Year,16.76,4 GB,64 GB,Full HD+,16MP,50MP + 2MP + 2MP
67,vivo T1 5G,4.4,"1,66,310 Ratings & 12,756 Reviews",16990,5000.0,Qualcomm Snapdragon 695 Processor,1 Year,16.71,6 GB,128 GB,Full HD+,16MP,50MP + 2MP + 2MP
68,vivo T1 5G,4.3,"63,520 Ratings & 5,059 Reviews",15990,5000.0,Qualcomm Snapdragon 695 Processor,1 Year,16.71,4 GB,128 GB,Full HD+,16MP,50MP + 2MP + 2MP
69,OPPO Reno8T 5G,4.3,"1,154 Ratings & 135 Reviews",29999,4800.0,Qualcomm Snapdragon 695 Processor,,17.02,8 GB,128 GB,Full HD+,32MP,108MP + 2MP + 2MP
70,Infinix Hot 20 5G,4.2,586 Ratings & 56 Reviews,12999,5000.0,Dimensity 810 Processor,1 Year,16.76,6 GB,128 GB,Full HD+,8MP,50MP + AI Lens
71,itel It2171,4.1,"3,973 Ratings & 352 Reviews",999,1000.0,,1 Year,4.57,32 MB,32 MB,Quarter QVGA,,0.3MP
72,REDMI A1,4.3,"3,934 Ratings & 212 Reviews",6499,5000.0,,12 Months,16.56,2 GB,32 GB,,,5MP
73,SAMSUNG Galaxy F23 5G,4.2,"35,929 Ratings & 2,861 Reviews",14999,5000.0,Qualcomm Snapdragon 750G Processor,1 Year,16.76,4 GB,128 GB,Full HD+,8MP,50MP + 8MP + 2MP
74,realme 10 Pro 5G,4.4,"5,665 Ratings & 451 Reviews",19999,5000.0,Qualcomm Snapdragon 695 5G Processor,1 Year,17.07,8 GB,128 GB,Full HD+,16MP,108MP + 2MP
75,realme 10 Pro 5G,4.4,"8,612 Ratings & 734 Reviews",18999,5000.0,Qualcomm Snapdragon 695 5G Processor,1 Year,17.07,6 GB,128 GB,Full HD+,16MP,108MP + 2MP
76,POCO M4 5G,4.2,"52,410 Ratings & 4,127 Reviews",11999,5000.0,Mediatek Dimensity 700 Processor,1 Year,16.71,4 GB,64 GB,Full HD+,8MP,50MP + 2MP
77,MOTOROLA Edge 20 5G,4.1,"8,946 Ratings & 1,303 Reviews",20999,4000.0,Qualcomm Snapdragon 778G Processor,,17.02,8 GB,128 GB,Full HD+,32MP,108MP + 8MP + 16MP
78,MOTOROLA g82 5G,4.2,"6,813 Ratings & 881 Reviews",19199,5000.0,Qualcomm Snapdragon 695 5G Processor,1 Year,16.76,6 GB,128 GB,Full HD+,16MP,50MP + 8MP + 2MP
79,MOTOROLA g82 5,4.2,"6,813 Ratings & 881 Reviews",19199,5000.0,Qualcomm Snapdragon 695 5G Processor,1 Year,16.76,6 GB,128 GB,Full HD+,16MP,50MP + 8MP + 2MP
80,POCO M4 Pro 5G,4.2,"47,346 Ratings & 4,146 Reviews",14999,5000.0,Mediatek Dimensity 810 Processor,1 Year,16.76,6 GB,128 GB,Full HD+,16MP,50MP + 8MP
81,OPPO A17,4.4,"1,507 Ratings & 65 Reviews",12499,5000.0,Mediatek Helio G35 Processor,1 Year,16.66,4 GB,64 GB,HD+,5MP,50MP + 0.3MP + 0.3MP
82,POCO M4 Pro,4.3,"13,899 Ratings & 1,210 Reviews",14999,5000.0,Mediatek Helio G96 Processor,1 Year,16.33,8 GB,128 GB,Full HD+ AMOLED,16MP,64MP + 8MP + 2MP
83,SAMSUNG Guru Music 2,4.3,"1,98,478 Ratings & 18,429 Reviews",2059,,0 0 0 208MHz Processor,1 Year,5.08,,,,,
84,MOTOROLA g31,4.2,"13,285 Ratings & 1,390 Reviews",11999,5000.0,Mediatek Helio G85 Processor,1 Year,16.26,6 GB,128 GB,Full HD+,13MP,50MP + 8MP + 2MP
85,REDMI Note 10S,4.4,"83,991 Ratings & 5,701 Reviews",12999,5000.0,Mediatek Helio G95 Processor,1 Year,16.33,6 GB,64 GB,Full HD+ Super AMOLED,13MP,64MP + 8MP + 2MP + 2MP
86,POCO M4 Pro 5G,4.3,"39,164 Ratings & 3,425 Reviews",12999,5000.0,Mediatek Dimensity 810 Processor,1 Year,16.76,4 GB,64 GB,Full HD+,16MP,50MP + 8MP
87,SAMSUNG GALAXY M13,4.2,"2,406 Ratings & 158 Reviews",10980,6000.0,,12 Months,16.76,4 GB,64 GB,,,50MP
88,POCO X5 Pro 5G,4.5,425 Ratings & 59 Reviews,24999,5000.0,Qualcomm Snapdragon 778G Processor,1 Year,16.94,8 GB,256 GB,Full HD+,16MP,108MP + 8MP + 2MP
89,APPLE iPhone 12,4.6,"1,86,830 Ratings & 12,732 Reviews",56999,,A14 Bionic Chip with Next Generation Neural Engine Processor,,15.49,,128 GB,Super Retina XDR,12MP,12MP + 12MP
90,MOTOROLA e13,4.1,"3,128 Ratings & 206 Reviews",7999,5000.0,Unisoc T606 Processor,1 Year,16.51,4 GB,64 GB,HD+,5MP,13MP
91,Nokia TA-1459,4.3,"1,98,478 Ratings & 18,429 Reviews",1449,800.0,SC6531E Processor,1 Year,4.5,32 MB,32 MB,QVGA,0MP,
92,SAMSUNG Guru Music 2,4.2,"16,807 Ratings & 1,719 Reviews",2074,,,1 Year,5.08,,,QVGA,,
93,POCO X4 Pro 5G,4.1,"12,272 Ratings & 897 Reviews",18499,5000.0,Qualcomm Snapdragon 695 5G Processor,1 Year,16.94,8 GB,128 GB,Full HD+ Super AMOLED,16MP,64MP + 8MP + 2MP
94,Nokia 150 TA-1235 DS,4.1,"3,973 Ratings & 352 Reviews",2499,1020.0,MediaTek Processor,1 Year,6.1,4 MB,4 MB,,,0.3MP
95,itel It2171,,,999,1000.0,,1 Year,4.57,32 MB,32 MB,Quarter QVGA,,0.3MP
96,REDMI Note 11,4.3,359 Ratings & 29 Reviews,11999,5000.0,,12 Months,16.33,4 GB,64 GB,,,50MP
97,REDMI Note 11,4.3,359 Ratings & 29 Reviews,12935,5000.0,,1 Year,16.33,4 GB,64 GB,,,50MP
98,REDMI Note 11,4.3,654 Ratings & 55 Reviews,12769,5000.0,,12 Months,16.33,6 GB,64 GB,,,50MP
99,REDMI Note 11,4.3,654 Ratings & 55 Reviews,12325,5000.0,,1 Year,16.33,6 GB,64 GB,,,50MP
100,realme Narzo 50,4.4,"7,589 Ratings & 562 Reviews",15499,5000.0,Mediatek Helio G96 Processor,1 Year,16.76,6 GB,128 GB,Full HD+,16MP,50MP + 2MP + 2MP
101,REDMI 9 Activ,4.2,"4,964 Ratings & 333 Reviews",10499,5000.0,Mediatek Helio G35 Processor,1 Year,16.59,6 GB,128 GB,HD+,5MP,13MP + 2MP
102,SAMSUNG Galaxy M33 5G,4.2,"7,780 Ratings & 637 Reviews",17018,6000.0,,1 Year,16.76,6 GB,128 GB,,,50MP
103,KARBONN KX3,3.9,"8,639 Ratings & 673 Reviews",985,800.0,,1 Year,4.57,32 MB,32 MB,Quarter QVGA,,0.3MP
104,OPPO F19,4.3,"24,761 Ratings & 1,779 Reviews",14990,5000.0,Qualcomm Snapdragon 662 Processor,1 Year,16.33,6 GB,128 GB,Full HD+,16MP,48MP + 2MP + 2MP
105,Infinix Note 12 5G,4.2,"14,272 Ratings & 1,606 Reviews",12999,5000.0,Mediatek Dimensity 810 5G Processor,1 Year,17.02,6 GB,64 GB,Full HD+ AMOLED,16MP,50 MP + 2MP + AI Lens
106,SAMSUNG GT-E1215,4.3,"54,174 Ratings & 4,536 Reviews",1499,,0 0 0 0 Processor Processor,1 Year,3.81,,,,,
107,LAVA GEM,4.2,"29,963 Ratings & 3,196 Reviews",1679,1750.0,NA Processor,1 Year,7.11,,0 MB,QVGA,,1.3MP
108,REDMI 10 Prime,4.2,"12,090 Ratings & 847 Reviews",12999,6000.0,Helio G88 Processor,1 Year,16.51,6 GB,128 GB,Full HD,8MP,50MP + 8MP + 2MP + 2MP
109,LAVA Gem,4.2,"8,130 Ratings & 726 Reviews",1679,1750.0,,1 Year,7.11,32 MB,32 MB,QVGA,,1.3MP
110,vivo T1 5G,4.3,"16,082 Ratings & 1,388 Reviews",19990,5000.0,Qualcomm Snapdragon 695 Processor,1 Year,16.71,8 GB,128 GB,Full HD+,16MP,50MP + 2MP + 2MP
111,realme 10,4.4,"2,983 Ratings & 213 Reviews",13999,5000.0,Mediatek Helio G99 Octa Core Processor,1 Year,16.26,4 GB,64 GB,Full HD+,16MP,50MP + 2MP
112,realme 10,4.3,645 Ratings & 45 Reviews,16999,5000.0,Mediatek Helio G99 Octa Core Processor,1 Year,16.26,8 GB,128 GB,Full HD+,16MP,50MP + 2MP
113,vivo T1 5G,4.4,"1,66,310 Ratings & 12,756 Reviews",20990,5000.0,Qualcomm Snapdragon 695 Processor,1 Year,16.71,6 GB,128 GB,Full HD+,16MP,50MP + 2MP + 2MP
114,POCO X4 Pro 5G,4.2,"71,941 Ratings & 7,266 Reviews",16999,5000.0,Qualcomm Snapdragon 695 5G Processor,1 Year,16.94,6 GB,128 GB,Full HD+ Super AMOLED,16MP,64MP + 8MP + 2MP
115,Infinix HOT 20 5G,4.3,"2,771 Ratings & 236 Reviews",10999,5000.0,Dimensity 810 Processor,1 Year,16.76,4 GB,64 GB,Full HD+,8MP,50MP + AI Lens
116,realme 9i 5G,4.3,"5,343 Ratings & 391 Reviews",16999,5000.0,Mediatek Dimensity 810 5G Processor,1 Year,16.76,6 GB,128 GB,Full HD+,8MP,50MP + 2MP + 2MP
117,realme C11 2021,4.4,"2,34,278 Ratings & 10,138 Reviews",7499,5000.0,Octa-core Processor,1 Year,16.51,2 GB,32 GB,HD+,5MP,8MP
118,realme C30s,4.3,"4,371 Ratings & 259 Reviews",8499,5000.0,Unisoc SC9863A/ Unisoc SC9863A1 Processor,1 Year,16.51,4 GB,64 GB,HD+,5MP,8MP
119,Micromax J22,3.7,230 Ratings & 16 Reviews,1238,,,1 Year,6.1,32 MB,32 MB,,,
120,realme 10 Pro+ 5G,4.5,"10,530 Ratings & 1,090 Reviews",24999,5000.0,Mediatek Dimensity 1080 5G Processor,1 Year,17.02,6 GB,128 GB,Full HD+,16MP,108MP + 8MP + 2MP
121,Micromax X412,3.9,"14,773 Ratings & 1,272 Reviews",975,800.0,,12 Months,4.5,32 MB,32 MB,,,1MP
122,Micromax X416,4.0,540 Ratings & 53 Reviews,961,1000.0,,1 Year,4.5,32 MB,32 MB,,,0.3MP
123,APPLE iPhone 13,4.7,"1,89,398 Ratings & 10,410 Reviews",62999,,A15 Bionic Chip Processor,1 Year,15.49,,128 GB,Super Retina XDR,12MP,12MP + 12MP
124,REDMI Note 12 Pro 5G,4.3,"3,277 Ratings & 357 Reviews",27999,5000.0,Mediatek Dimensity 1080 Processor,1 Year,16.94,8 GB,256 GB,Full HD,16MP,50MP + 8MP + 2MP
125,SAMSUNG Guru Music 2,4.3,"1,98,478 Ratings & 18,429 Reviews",2098,800.0,NA 0 Single Core 208MHz Processor,1 Year,5.08,,,QVGA,0MP,
126,REDMI 9 Activ,4.2,"4,964 Ratings & 333 Reviews",10499,5000.0,Mediatek Helio G35 Processor,1 Year,16.59,6 GB,128 GB,HD+,5MP,13MP + 2MP
127,SAMSUNG Galaxy F23 5G,4.3,"1,55,335 Ratings & 12,482 Reviews",16899,5000.0,,1 Year,16.76,6 GB,128 GB,,,50MP
128,APPLE iPhone 14 Plus,4.7,"3,770 Ratings & 265 Reviews",80999,,"A15 Bionic Chip, 6 Core Processor Processor",1 Year,17.02,,128 GB,Super Retina XDR,12MP,12MP + 12MP
129,Tecno Spark 9,4.0,759 Ratings & 43 Reviews,9695,5000.0,MediaTek Helio G37 Octa Core Processor,1 Year,16.76,6 GB,128 GB,HD+,8MP,13MP
130,REDMI Note 12 Pro 5G,4.3,"8,343 Ratings & 946 Reviews",24999,5000.0,Mediatek Dimensity 1080 Processor,1 Year,16.94,6 GB,128 GB,Full HD,16MP,50MP + 8MP + 2MP
131,Micromax X413,4.0,"2,920 Ratings & 253 Reviews",945,800.0,,1 Year,4.5,32 MB,32 MB,,,0.3MP
132,OPPO K10 5G,4.4,"59,729 Ratings & 4,428 Reviews",17699,5000.0,Mediatek Dimensity 810 Processor,1 Year,16.66,8 GB,128 GB,HD+,8MP,48MP + 2MP
133,realme C21,4.4,"1,47,252 Ratings & 7,086 Reviews",10499,5000.0,MediaTek Helio G35 Processor,1 Year,16.51,4 GB,64 GB,HD+,5MP,13MP + 2MP + 2MP
134,SAMSUNG GALAXY M13,4.2,"2,406 Ratings & 158 Reviews",11099,6000.0,,1 Year,16.76,4 GB,64 GB,,,50MP
135,realme C21,4.4,"71,718 Ratings & 3,907 Reviews",9499,5000.0,MediaTek Helio G35 Processor,1 Year,16.51,3 GB,32 GB,HD+,5MP,13MP + 2MP + 2MP
136,LAVA A3 Power,4.2,"1,906 Ratings & 186 Reviews",1329,2575.0,,1 Year,4.5,,0 GB,Quarter QVGA,,0.3MP
137,OPPO K10,4.4,"1,02,936 Ratings & 7,543 Reviews",15099,5000.0,Qualcomm Snapdragon 680 Processor,,16.74,6 GB,128 GB,Full HD+,16MP,50MP + 2MP + 2MP
138,LAVA A3,4.2,"27,395 Ratings & 2,810 Reviews",1249,1750.0,,1 Year,4.5,4 MB,3 MB,,,0.3MP
139,Nokia 150 DS 2020,4.1,"20,987 Ratings & 1,647 Reviews",2578,1020.0,MediaTek Processor,1 Year,6.1,4 MB,4 MB,,,0.3MP
140,MOTOROLA e32,4.1,691 Ratings & 58 Reviews,8999,5000.0,Mediatek Helio G37 Processor,1 Year,16.51,4 GB,64 GB,HD+,8MP,50MP + 2MP
141,REDMI Note 12 Pro 5G,4.1,"19,087 Ratings & 2,394 Reviews",24999,5000.0,Mediatek Dimensity 1080 Processor,1 Year,16.94,6 GB,128 GB,Full HD,16MP,50MP + 8MP + 2MP
142,Infinix Note 12 Pro 5G,4.1,702 Ratings & 67 Reviews,16999,5000.0,Mediatek Dimensity 810 5G Processor,1 Year,17.02,8 GB,128 GB,Full HD+ AMOLED,16MP,108MP + 2MP + 2MP
143,itel it2163S,4.1,"19,087 Ratings & 2,394 Reviews",989,1200.0,9 Indian Input Language Support,,4.57,4 MB,4 MB,Quarter QVGA,,
144,Infinix Note 12 Pro 5G,4.2,"13,285 Ratings & 1,390 Reviews",16999,5000.0,Mediatek Dimensity 810 5G Processor,1 Year,17.02,8 GB,128 GB,Full HD+ AMOLED,16MP,108MP + 2MP+ 2MP
145,MOTOROLA e13,4.0,"1,310 Ratings & 138 Reviews",6999,5000.0,Unisoc T606 Processor,1 Year,16.51,2 GB,64 GB,HD+,5MP,13MP
146,MOTOROLA g31,4.3,"29,881 Ratings & 2,063 Reviews",11999,5000.0,Mediatek Helio G85 Processor,1 Year,16.26,6 GB,128 GB,Full HD+,13MP,50MP + 8MP + 2MP
147,itel IT5626,4.3,"29,881 Ratings & 2,063 Reviews",1749,2500.0,SC6531C Processor,1 Year,7.11,8 MB,8 MB,QVGA,,0.3MP
148,Infinix Smart 6,4.3,"29,881 Ratings & 2,063 Reviews",6999,5000.0,Mediatek Helio A22 Processor,1 Year,16.76,2 GB,64 GB,HD+,5MP,8 MP + Depth Lens
149,Infinix Smart 6,3.7,321 Ratings & 48 Reviews,6999,5000.0,Mediatek Helio A22 Processor,1 Year,16.76,2 GB,64 GB,HD+,5MP,8 MP + Depth Lens
150,Infinix Smart 6,4.3,"1,98,478 Ratings & 18,429 Reviews",6999,5000.0,Mediatek Helio A22 Processor,1 Year,16.76,2 GB,64 GB,HD+,5MP,8 MP + Depth Lens
151,GREENBERRI VIRAT,4.3,"24,761 Ratings & 1,779 Reviews",849,1000.0,,1 Year,4.57,64 MB,64 MB,,,2MP
152,SAMSUNG Guru Music 2,4.7,"3,770 Ratings & 265 Reviews",2069,,,1 Year,5.08,,,,,
153,OPPO F19,4.4,"1,507 Ratings & 65 Reviews",14990,5000.0,Qualcomm Snapdragon 662 Processor,1 Year,16.33,6 GB,128 GB,Full HD+,16MP,48MP + 2MP + 2MP
154,OPPO A17,4.7,"1,89,398 Ratings & 10,410 Reviews",12499,5000.0,Mediatek Helio G35 Processor,1 Year,16.66,4 GB,64 GB,HD+,5MP,50MP + 0.3MP + 0.3MP
155,APPLE iPhone 14 Plus,4.3,"28,352 Ratings & 3,590 Reviews",80999,,"A15 Bionic Chip, 6 Core Processor Processor",1 Year,17.02,,128 GB,Super Retina XDR,12MP,12MP + 12MP
156,APPLE iPhone 13,4.3,"28,352 Ratings & 3,590 Reviews",62999,,A15 Bionic Chip Processor,1 Year,15.49,,128 GB,Super Retina XDR,12MP,12MP + 12MP
157,Google Pixel 6a,4.4,"2,983 Ratings & 213 Reviews",30299,4410.0,Google Tensor Processor,1 Year,15.6,6 GB,128 GB,Full HD+,8MP,12.2MP + 12MP
158,Google Pixel 6a,4.4,"7,908 Ratings & 760 Reviews",30299,4410.0,Google Tensor Processor,1 Year,15.6,6 GB,128 GB,Full HD+,8MP,12.2MP + 12MP
159,realme 10,4.2,"12,090 Ratings & 847 Reviews",13999,5000.0,Mediatek Helio G99 Octa Core Processor,1 Year,16.26,4 GB,64 GB,Full HD+,16MP,50MP + 2MP
160,vivo T1 Pro 5G,4.1,343 Ratings & 24 Reviews,23999,4700.0,Qualcomm Snapdragon 778G 5G Mobile Platform Processor,1 Year,16.36,6 GB,128 GB,Full HD+ AMOLED,16MP,64MP + 8MP + 2MP
161,REDMI 10 Prime,,,14990,6000.0,Helio G88 Processor,1 Year,16.51,6 GB,128 GB,Full HD,8MP,50MP + 8MP + 2MP + 2MP
162,Micromax X512,,,1098,1750.0,,1 Year,4.5,30 MB,24 MB,,,0.3MP
163,MOTOROLA Edge 30,4.1,"4,359 Ratings & 627 Reviews",25199,4020.0,Qualcomm Snapdragon 778G Plus Processor,1 Year,16.64,8 GB,128 GB,Full HD+,32MP,50MP + 50MP + 2MP
164,vivo Y15s,4.3,"3,694 Ratings & 272 Reviews",9499,5000.0,Mediatek Helio P35 Processor,1 Year,16.54,3 GB,32 GB,HD+,8MP,13MP + 2MP
165,Nokia 150 DS 2020,4.1,"20,987 Ratings & 1,647 Reviews",2577,1020.0,MediaTek Processor,1 Year,6.1,4 MB,4 MB,,,0.3MP
166,realme 10 Pro+ 5G,4.5,"5,436 Ratings & 632 Reviews",25999,5000.0,Mediatek Dimensity 1080 5G Processor,1 Year,17.02,8 GB,128 GB,Full HD+,16MP,108MP + 8MP + 2MP
167,vivo T1 Pro 5G,4.4,"7,908 Ratings & 760 Reviews",23999,4700.0,Qualcomm Snapdragon 778G 5G Mobile Platform Processor,1 Year,16.36,6 GB,128 GB,Full HD+ AMOLED,16MP,64MP + 8MP + 2MP
168,Kechaoda K115,4.1,"29,171 Ratings & 2,243 Reviews",1149,850.0,,6 Months,3.66,32 MB,32 MB,QVGA,,0.3MP
169,MOTOROLA e13,4.3,"5,343 Ratings & 391 Reviews",6999,5000.0,Unisoc T606 Processor,1 Year,16.51,2 GB,64 GB,HD+,5MP,13MP
170,realme 9i 5G,3.8,137 Ratings & 9 Reviews,16999,5000.0,Mediatek Dimensity 810 5G Processor,1 Year,16.76,6 GB,128 GB,Full HD+,8MP,50MP + 2MP + 2MP
171,Micromax S115,4.2,"9,679 Ratings & 671 Reviews",928,,,1 Year,4.5,32 MB,32 MB,,,
172,REDMI 9 Activ,4.3,"13,899 Ratings & 1,210 Reviews",9083,5000.0,,1 Year,16.59,4 GB,64 GB,,,13MP
173,POCO M4 Pro,4.4,"1,02,936 Ratings & 7,543 Reviews",14999,5000.0,Mediatek Helio G96 Processor,1 Year,16.33,8 GB,128 GB,Full HD+ AMOLED,16MP,64MP + 8MP + 2MP
174,OPPO K10,4.3,"2,06,659 Ratings & 11,047 Reviews",15099,5000.0,Qualcomm Snapdragon 680 Processor,,16.74,6 GB,128 GB,Full HD+,16MP,50MP + 2MP + 2MP
175,realme C11 2021,4.7,"14,444 Ratings & 620 Reviews",8999,5000.0,Octa-core Processor,1 Year,16.51,4 GB,64 GB,HD+,5MP,8MP
176,APPLE iPhone 14,4.3,"6,561 Ratings & 744 Reviews",81999,,"A15 Bionic Chip, 6 Core Processor Processor",1 Year,15.49,,256 GB,Super Retina XDR,12MP,12MP + 12MP
177,Nothing Phone,4.1,"8,049 Ratings & 1,087 Reviews",35999,4500.0,Qualcomm Snapdragon 778G+ Processor,,16.64,12 GB,256 GB,Full HD+,16MP,50MP + 50MP
178,MOTOROLA edge 30,4.2,"6,237 Ratings & 706 Reviews",23199,4020.0,Qualcomm Snapdragon 778G Plus Processor,1 Year,16.64,6 GB,128 GB,Full HD+,32MP,50MP + 50MP + 2MP
179,Motorola a10,4.1,"4,091 Ratings & 356 Reviews",1449,,,2 Year,4.57,,0 MB,Quarter QVGA,,
180,LAVA A1 2021,,,1129,800.0,,1 Year,4.5,32 MB,24 MB,Quarter QVGA,,0.3MP
181,Kechaoda K115,4.1,"29,171 Ratings & 2,243 Reviews",1190,850.0,,6 Months,3.66,32 MB,32 MB,QVGA,,0.3MP
182,realme C11 2021,4.3,"2,06,659 Ratings & 11,047 Reviews",8999,5000.0,Octa-core Processor,1 Year,16.51,4 GB,64 GB,HD+,5MP,8MP
183,itel MagicX Pro,4.0,200 Ratings & 38 Reviews,2599,2500.0,,2 Year,6.1,64 MB,128 MB,,,0.3MP
184,LAVA A3,4.2,"19,237 Ratings & 2,119 Reviews",1315,1750.0,,1 Year,4.5,,0 GB,,,0.3MP
185,SAMSUNG Galaxy M32 Prime Edition,4.2,213 Ratings & 17 Reviews,12587,6000.0,,12 Months,16.26,4 GB,64 GB,,,64MP
186,Motorola a10,4.2,"6,237 Ratings & 706 Reviews",1449,,,2 Year,4.57,,0 MB,Quarter QVGA,,
187,REDMI 10A,4.1,"1,771 Ratings & 124 Reviews",7699,5000.0,,12 Months,16.59,3 GB,32 GB,,,13MP
188,POCO X5 Pro 5G,4.4,440 Ratings & 66 Reviews,22999,5000.0,Qualcomm Snapdragon 778G Processor,1 Year,16.94,6 GB,128 GB,Full HD+,16MP,108MP + 8MP + 2MP
189,MOTOROLA e13,4.2,"35,929 Ratings & 2,861 Reviews",6999,5000.0,Unisoc T606 Processor,1 Year,16.51,2 GB,64 GB,HD+,5MP,13MP
190,SAMSUNG Galaxy F23 5G,4.3,"11,499 Ratings & 828 Reviews",14999,5000.0,Qualcomm Snapdragon 750G Processor,1 Year,16.76,4 GB,128 GB,Full HD+,8MP,50MP + 8MP + 2MP
191,Infinix Smart 6 Plus,4.0,"1,154 Ratings & 74 Reviews",8299,5000.0,Mediatek Helio G25 Processor,1 Year,17.32,3 GB,64 GB,HD+,5MP,8 MP + Depth Lens
192,Nokia 105SS PLUS,4.3,"1,038 Ratings & 76 Reviews",1390,1000.0,SC6531E Processor,1 Year,4.5,32 MB,32 MB,QVGA,0MP,
193,SAMSUNG Galaxy M33 5G,4.3,"1,038 Ratings & 76 Reviews",18842,6000.0,,1 Year,16.76,8 GB,128 GB,,,50MP
194,SAMSUNG Galaxy M33 5G,4.3,"3,153 Ratings & 234 Reviews",18942,6000.0,,1 Year,16.76,8 GB,128 GB,,,50MP
195,POCO M5,4.3,"1,324 Ratings & 85 Reviews",10999,5000.0,Mediatek Helio G99 Processor,1 Year,16.71,4 GB,64 GB,Full HD+,8MP,50MP + 2MP + 2MP
196,vivo Y16,4.2,"71,941 Ratings & 7,266 Reviews",10999,5000.0,Mediatek Helio P35 Processor,1 Year,16.54,3 GB,64 GB,HD+,5MP,13MP + 2MP
197,POCO X4 Pro 5G,4.7,"14,444 Ratings & 620 Reviews",15999,5000.0,Qualcomm Snapdragon 695 5G Processor,1 Year,16.94,6 GB,64 GB,Full HD+ Super AMOLED,16MP,64MP + 8MP + 2MP
198,APPLE iPhone 14,,,81999,,"A15 Bionic Chip, 6 Core Processor Processor",1 Year,15.49,,256 GB,Super Retina XDR,12MP,12MP + 12MP
199,vivo Y16,4.3,"1,324 Ratings & 85 Reviews",11328,5000.0,Mediatek Helio P35 Processor,1 Year,16.54,3 GB,64 GB,HD+,5MP,13MP + 2MP
200,vivo Y21,4.3,"14,547 Ratings & 1,088 Reviews",12680,5000.0,Mediatek Helio P35 Processor,1 Year,16.54,4 GB,64 GB,HD+,8MP,13MP + 2MP
201,Nokia TA-1010/105,4.2,"21,423 Ratings & 1,715 Reviews",1359,,,1 Year,4.5,4 MB,4 MB,Quarter QVGA,,
202,vivo Y16,4.3,"1,002 Ratings & 63 Reviews",12499,5000.0,Mediatek Helio P35 Processor,1 Year,16.54,4 GB,64 GB,HD+,5MP,13MP + 2MP
203,Infinix Hot 12 Pro,4.2,"6,809 Ratings & 408 Reviews",9799,5000.0,Unisoc T616 Processor,1 Year,16.76,6 GB,64 GB,HD+,8MP,50 MP + Depth Lens
204,SAMSUNG Galaxy S20 FE 5G,4.2,75 Ratings & 6 Reviews,31175,4500.0,,1 Year,16.51,8 GB,128 GB,,,12MP
205,APPLE iPhone 14,4.7,"14,444 Ratings & 620 Reviews",81999,,"A15 Bionic Chip, 6 Core Processor Processor",1 Year,15.49,,256 GB,Super Retina XDR,12MP,12MP + 12MP
206,Infinix Zero 20,4.2,"1,273 Ratings & 184 Reviews",15999,4500.0,Mediatek G99 Processor,1 Year,17.02,8 GB,128 GB,Full HD+,,108MP + 13MP + 2MP
207,Infinix Hot 12 Pro,4.0,"4,537 Ratings & 398 Reviews",12299,5000.0,Unisoc T616 Processor,1 Year,16.76,8 GB,128 GB,HD+,8MP,50 MP + Depth Lens
208,itel MagicX Pro,4.0,200 Ratings & 38 Reviews,2599,2500.0,,2 Year,6.1,64 MB,128 MB,,,0.3MP
209,REDMI Note 11S,4.2,"1,074 Ratings & 100 Reviews",16395,5000.0,,1 Year,16.33,8 GB,128 GB,,,108MP
210,Micromax X416,4.0,540 Ratings & 53 Reviews,980,1000.0,,1 Year,4.5,32 MB,32 MB,,,0.3MP
211,Infinix Note 12,4.2,"24,859 Ratings & 2,474 Reviews",11299,5000.0,MediaTek Helio G88 Processor,1 Year,17.02,4 GB,64 GB,Full HD+ AMOLED,16MP,50MP + 2MP + AI Lens
212,OPPO A77s,4.3,229 Ratings & 19 Reviews,17999,5000.0,Qualcomm Snapdragon 680 Processor,1 Year,16.66,8 GB,128 GB,HD+,8MP,50MP + 2MP
213,itel Magic3 Smart Touch Keypad,4.1,955 Ratings & 86 Reviews,1499,1500.0,Smart Touch Keypad - Add a Magical Touch to your Life,,7.11,8 MB,8 MB,,,1.3MP
214,REDMI Note 10 Pro,4.3,"42,244 Ratings & 3,957 Reviews",17999,5020.0,Qualcomm Snapdragon 732G Processor,1 Year,16.94,6 GB,128 GB,Full HD+ Super AMOLED,16MP,64MP + 8MP + 5MP + 2MP
215,REDMI 11 Prime 5G,4.2,243 Ratings & 17 Reviews,16985,5000.0,,1 Year,16.71,6 GB,128 GB,,,5MP
216,REDMI 11 Prime 5G,4.2,243 Ratings & 17 Reviews,17999,5000.0,,1 Year,16.71,6 GB,128 GB,,,5MP
217,REDMI A1+,3.9,355 Ratings & 25 Reviews,8499,5000.0,Mediatek Helio A22 Processor,1 Year,16.56,3 GB,32 GB,HD+,5MP,8MP
218,OPPO F21 Pro,4.4,"2,473 Ratings & 179 Reviews",20999,4500.0,,12 Months,16.33,8 GB,128 GB,,,64MP
219,SAMSUNG Galaxy A03,4.1,647 Ratings & 41 Reviews,8463,5000.0,Unisoc UMS9230 Processor,1 Year,16.51,3 GB,32 GB,HD+,5MP,48MP + 2MP
220,OnePlus Nord CE 2 Lite 5G,4.3,"46,127 Ratings & 3,641 Reviews",19985,5000.0,,12 Months,16.74,6 GB,128 GB,,,64MP
221,realme GT 2,4.3,"5,825 Ratings & 766 Reviews",26999,5000.0,Qualcomm Snapdragon 888 Processor,1 Year,16.81,8 GB,128 GB,Full HD+ AMOLED,16MP,50MP + 8MP + 2MP
222,realme Narzo 50i,4.5,"1,22,164 Ratings & 4,836 Reviews",6921,5000.0,SC9863A Processor,1 Year,16.51,2 GB,32 GB,,5MP,8MP
223,Nokia 105 ss,4.3,"78,570 Ratings & 7,274 Reviews",1480,,,1 Year,4.57,4 MB,4 MB,Quarter QVGA,,
224,Infinix Smart 6 Plus,4.3,"11,499 Ratings & 828 Reviews",8299,5000.0,Mediatek Helio G25 Processor,1 Year,17.32,3 GB,64 GB,HD+,5MP,8 MP + Depth Lens
225,LAVA Flip,4.1,"13,606 Ratings & 1,301 Reviews",1911,1200.0,MTK6261D Processor,1 Year,6.1,32 MB,32 MB,QVGA,,0.08MP
226,itel Vision3,4.3,174 Ratings & 15 Reviews,5849,5000.0,,1 Year,16.76,2 GB,32 GB,,,8MP
227,Kechaoda K28,4.1,"2,741 Ratings & 243 Reviews",1330,1700.0,,1 Year,6.1,32 MB,64 MB,QVGA,,0.3MP
228,Micromax X412,3.9,"14,773 Ratings & 1,272 Reviews",959,,,1 Year,4.5,32 MB,32 MB,,,
229,itel Ace 2,4.0,690 Ratings & 65 Reviews,899,1000.0,Spreadtrum Processor,12+1 Months,4.57,4 MB,4 MB,Quarter QVGA,0MP,
230,Infinix HOT 12 Play,4.3,"1,11,855 Ratings & 8,222 Reviews",8999,6000.0,Unisoc T610 Processor,1 Year,17.32,4 GB,64 GB,HD+,8MP,13MP + Depth Lens
231,realme Narzo 50A Prime,4.0,143 Ratings & 10 Reviews,11423,5000.0,,1 Year,16.76,4 GB,64 GB,Full HD+,8MP,50MP
232,Nokia 105 PLUS,4.1,"6,950 Ratings & 489 Reviews",1549,1000.0,MTK6261D Processor,1 Year,4.5,4 MB,4 MB,,0MP,
233,itel Vision3,4.3,174 Ratings & 15 Reviews,5775,5000.0,,1 Year,16.76,2 GB,32 GB,,,8MP
234,Nothing Phone,4.3,"49,862 Ratings & 6,507 Reviews",28999,4500.0,Qualcomm Snapdragon 778G+ Processor,,16.64,8 GB,256 GB,Full HD+,16MP,50MP + 50MP
235,Micromax X818,3.9,"2,184 Ratings & 186 Reviews",1510,1450.0,,1 Year,7.11,32 MB,32 MB,,,0.3MP
236,vivo Y33T,4.4,"2,555 Ratings & 179 Reviews",16749,5000.0,Qualcomm Snapdragon 680 Processor,1 Year,16.71,8 GB,128 GB,Full HD+,16MP,50MP + 2MP + 2MP
237,Kechaoda K28,4.1,"2,741 Ratings & 243 Reviews",1350,1700.0,,1 Year,6.1,32 MB,64 MB,QVGA,,0.3MP
238,itel Ace2 Star,4.3,108 Ratings & 9 Reviews,899,,,12+1 Months,4.57,4 MB,4 MB,,,
239,I Kall 401 PRO DARK BLUE,3.3,34 Ratings & 1 Reviews,6499,4000.0,Mediatek Processor,1 Year,15.9,4 GB,64 GB,HD,,13MP
240,SAMSUNG Galaxy M33 5G,4.2,"7,780 Ratings & 637 Reviews",17077,6000.0,,1 Year,16.76,6 GB,128 GB,,,50MP
241,SAMSUNG Galaxy S21 FE 5G,4.4,"35,259 Ratings & 3,453 Reviews",39999,4500.0,,1 Year,16.26,8 GB,128 GB,Full HD+,32MP,12MP + 12MP + 8MP
242,itel Ace2 Star,4.3,108 Ratings & 9 Reviews,899,,,12+1 Months,4.57,4 MB,4 MB,,,
243,realme Narzo 50,4.5,"15,322 Ratings & 978 Reviews",11639,5000.0,Mediatek Helio G96 Processor,1 Year,16.76,4 GB,64 GB,Full HD+,16MP,50MP + 2MP + 2MP
244,REDMI 10A,4.2,"6,203 Ratings & 369 Reviews",8595,5000.0,,1 Year,16.59,4 GB,64 GB,,,13MP
245,realme Narzo 50i,4.5,"1,22,164 Ratings & 4,836 Reviews",6880,5000.0,SC9863A Processor,1 Year,16.51,2 GB,32 GB,,5MP,8MP
246,vivo Y75,4.3,"1,804 Ratings & 142 Reviews",19990,4050.0,Mediatek G96 Processor,1 Year,16.36,8 GB,128 GB,Full HD+ AMOLED,44MP,50MP + 8MP + 2MP
247,itel Muzik 400,4.1,"3,139 Ratings & 342 Reviews",1615,3000.0,ARM9 architecture (Single core) Processor,1 Year,6.1,4 MB,4 MB,QVGA,,0.3MP
248,SAMSUNG Galaxy A23 5G,4.3,39 Ratings & 5 Reviews,22999,5000.0,Qualcomm Snapdragon 695 (SM6375) Processor,1 Year,16.76,6 GB,128 GB,Full HD+,8MP,50MP + 5MP
249,OPPO F19 Pro+ 5G,4.4,"27,770 Ratings & 2,879 Reviews",17999,4310.0,MediaTek Dimensity 800U Processor,1 Year,16.33,8 GB,128 GB,Full HD+,16MP,48MP + 8MP + 2MP + 2MP
250,Tecno Spark 9T,4.3,82 Ratings & 6 Reviews,9285,5000.0,MediaTek Helio G35 Processor,1 Year,16.76,4 GB,64 GB,Full HD+,8MP,50MP + 2MP
251,LAVA A1 2021,4.1,"4,091 Ratings & 356 Reviews",1279,800.0,,1 Year,4.57,32 MB,24 MB,Quarter QVGA,,0.3MP
252,Nothing Phone,4.3,"49,862 Ratings & 6,507 Reviews",27999,4500.0,Qualcomm Snapdragon 778G+ Processor,,16.64,8 GB,128 GB,Full HD+,16MP,50MP + 50MP
253,Nothing Phone,4.3,"49,862 Ratings & 6,507 Reviews",29499,4500.0,Qualcomm Snapdragon 778G+ Processor,,16.64,8 GB,256 GB,Full HD+,16MP,50MP + 50MP
254,Nothing Phone,4.3,"6,561 Ratings & 744 Reviews",35999,4500.0,Qualcomm Snapdragon 778G+ Processor,,16.64,12 GB,256 GB,Full HD+,16MP,50MP + 50MP
255,vivo Y01,4.2,"1,246 Ratings & 80 Reviews",7999,5000.0,Mediatek Helio P35 Processor,1 Year,16.54,2 GB,32 GB,HD+,5MP,8MP
256,OnePlus Nord CE 2 Lite 5G,4.3,"46,127 Ratings & 3,641 Reviews",19979,5000.0,,12 Months,16.74,6 GB,128 GB,,,64MP
257,SAMSUNG Galaxy A03 Core,4.0,"2,687 Ratings & 237 Reviews",6724,5000.0,Octa Core Processor,1 Year,16.51,2 GB,32 GB,HD+,5MP,8MP
258,realme 9 Pro 5G,4.3,"14,398 Ratings & 1,161 Reviews",20999,5000.0,Qualcomm Snapdragon 695 Processor,1 Year,16.76,8 GB,128 GB,Full HD+,16MP,64MP + 8MP + 2MP
259,SAMSUNG Galaxy A14 5G,4.3,58 Ratings & 1 Reviews,16499,5000.0,SEC S5E8535 (Exynos 1330) Processor,1 Year,16.76,4 GB,64 GB,HD+,13MP,50MP + 2MP
260,LAVA A1 2021,4.1,"2,015 Ratings & 192 Reviews",1159,800.0,,1 Year,4.5,,0 MB,,,0.3MP
261,vivo Y16,4.3,"1,324 Ratings & 85 Reviews",9999,5000.0,Mediatek Helio P35 Processor,1 Year,16.54,3 GB,32 GB,HD+,5MP,13MP + 2MP
262,vivo T1 Pro 5G,4.4,"16,025 Ratings & 1,679 Reviews",24999,4700.0,Qualcomm Snapdragon 778G 5G Mobile Platform Processor,1 Year,16.36,8 GB,128 GB,Full HD+ AMOLED,16MP,64MP + 8MP + 2MP
263,itel Power 110,4.1,768 Ratings & 57 Reviews,1325,2500.0,SC6531E Processor,1 Year,4.57,4 MB,4 MB,,,0.3MP
264,Micromax J22,3.7,230 Ratings & 16 Reviews,1245,,,1 Year,6.1,32 MB,32 MB,,,
265,itel it2175,4.0,400 Ratings & 37 Reviews,1099,1200.0,,1 Months,4.57,4 MB,4 MB,Quarter QVGA,,0.3MP
266,Micromax X413,4.0,"2,920 Ratings & 253 Reviews",972,800.0,,1 Year,4.5,32 MB,32 MB,,,0.3MP
267,Nokia 125 TA-1253 DS,4.0,"2,892 Ratings & 195 Reviews",2200,,MediaTek Processor,1 Year,6.1,4 MB,4 MB,,,
268,Infinix Note 12 Pro,4.2,"3,822 Ratings & 422 Reviews",15599,5000.0,Mediatek Helio G99 Processor,1 Year,17.02,8 GB,256 GB,Full HD+ AMOLED,16MP,108MP + 2MP+ AI lens
269,SAMSUNG Galaxy A03 Core,4.0,"2,687 Ratings & 237 Reviews",6659,5000.0,,1 Year,16.51,2 GB,32 GB,,,8MP
270,LAVA Hero 600i,4.1,137 Ratings & 10 Reviews,948,,,1 Year,4.57,4 MB,3 MB,,,
271,APPLE iPhone 13,4.7,"1,89,398 Ratings & 10,410 Reviews",63999,,A15 Bionic Chip Processor,1 Year,15.49,,128 GB,Super Retina XDR,12MP,12MP + 12MP
272,vivo Y100 5G,4.1,"4,091 Ratings & 356 Reviews",24999,4500.0,Mediatek Dimensity 900 Processor,1 Year,16.21,8 GB,128 GB,Full HD+ AMOLED,16MP,64MP + 2MP + 2MP
273,vivo Y100 5G,4.3,82 Ratings & 6 Reviews,24999,4500.0,Mediatek Dimensity 900 Processor,1 Year,16.21,8 GB,128 GB,Full HD+ AMOLED,16MP,64MP + 2MP + 2MP
274,LAVA A1 2021,4.2,301 Ratings & 22 Reviews,1129,800.0,,1 Year,4.5,32 MB,24 MB,,,0.3MP
275,Tecno Spark 9T,4.2,"1,33,438 Ratings & 13,517 Reviews",8999,5000.0,MediaTek Helio G35 Processor,1 Year,16.76,4 GB,64 GB,Full HD+,8MP,50MP + 2MP
276,SAMSUNG Galaxy M04,4.2,"12,316 Ratings & 1,186 Reviews",9239,5000.0,MediaTek Helio P35 Processor,1 Year,16.51,4 GB,64 GB,HD+,5MP,13MP + 2MP
277,MOTOROLA G60,4.2,"3,025 Ratings & 355 Reviews",15999,6000.0,Qualcomm Snapdragon 732G Processor,,17.22,6 GB,128 GB,Full HD+,32MP,108MP + 8MP + 2MP
278,Infinix Note 12,4.3,"1,195 Ratings & 160 Reviews",12499,5000.0,MediaTek Helio G88 Processor,1 Year,17.02,6 GB,128 GB,Full HD+ AMOLED,16MP,50MP + 2MP Depth + AI Lens
279,Micromax IN 2C,,,5999,5000.0,Unisoc T610 Processor,1 Year,16.56,3 GB,32 GB,HD+,5MP,8MP
280,realme GT 2,,,30999,5000.0,Qualcomm Snapdragon 888 Processor,1 Year,16.81,12 GB,256 GB,Full HD+ AMOLED,16MP,50MP + 8MP + 2MP
281,realme 9,4.4,"24,531 Ratings & 1,861 Reviews",17999,5000.0,Qualcomm Snapdragon 680 Processor,1 Year,16.26,8 GB,128 GB,Full HD+ AMOLED,16MP,108MP + 8MP + 2MP
282,realme 9,4.4,"60,956 Ratings & 4,425 Reviews",16999,5000.0,Qualcomm Snapdragon 680 Processor,1 Year,16.26,6 GB,128 GB,Full HD+ AMOLED,16MP,108MP + 8MP + 2MP
283,Micromax IN 2C,4.2,"3,025 Ratings & 355 Reviews",5999,5000.0,Unisoc T610 Processor,1 Year,16.56,3 GB,32 GB,HD+,5MP,8MP
284,Kechaoda K115,4.1,"29,171 Ratings & 2,243 Reviews",1170,850.0,,6 Months,3.66,32 MB,32 MB,QVGA,,0.3MP
285,Micromax IN Note 1,4.1,"49,166 Ratings & 8,201 Reviews",11499,5000.0,MediaTek Helio G85 (MT6769V/CZ) Processor,1 Year,16.94,4 GB,64 GB,Full HD+,16MP,48MP + 5MP + 2MP + 2MP
286,Tecno Camon 19,4.2,228 Ratings & 24 Reviews,13995,5000.0,MediaTek Helio G85 Processor,1 Year,17.27,6 GB,128 GB,Full HD+,16MP,64MP + 2MP
287,SAMSUNG Galaxy S23 5G,4.0,"8,347 Ratings & 557 Reviews",79999,3900.0,Qualcomm Snapdragon 8 Gen 2 Processor,1 Year,15.49,8 GB,256 GB,Full HD+,12MP,50MP + 10MP + 12MP
288,Kechaoda K33,3.7,321 Ratings & 48 Reviews,1105,800.0,,1 Year,3.56,32 MB,32 MB,,,0.3MP
289,GREENBERRI VIRAT,4.0,"8,347 Ratings & 557 Reviews",849,1000.0,,1 Year,4.57,64 MB,64 MB,,,2MP
290,Kechaoda K33,4.4,"2,169 Ratings & 104 Reviews",1199,800.0,,1 Year,3.56,32 MB,32 MB,,,0.3MP
291,OPPO A57,4.1,"29,171 Ratings & 2,243 Reviews",13999,5000.0,Mediatek Helio G35 Processor,1 Year,16.66,4 GB,64 GB,HD+,8MP,13MP + 2MP
292,Nokia 110,4.2,339 Ratings & 27 Reviews,1699,800.0,Unisoc 6531E Processor,1 Year,4.5,4 MB,4 MB,Quarter QVGA,,0.08MP
293,Kechaoda K115,4.3,39 Ratings & 5 Reviews,1144,850.0,,6 Months,3.66,32 MB,32 MB,QVGA,,0.3MP
294,OPPO F21s Pro 5G,3.9,"16,129 Ratings & 1,239 Reviews",25980,4500.0,Qualcomm SM6225 Snapdragon 680 4G (6 nm) Processor,12 Months,16.33,8 GB,128 GB,Full HD+ E3 Super AMOLED,Dual,64MP + 2MP + 2MP
295,SAMSUNG Galaxy A23 5G,3.8,"1,387 Ratings & 97 Reviews",22999,5000.0,Qualcomm Snapdragon 695 (SM6375) Processor,1 Year,16.76,6 GB,128 GB,Full HD+,8MP,50MP + 5MP
296,Kechaoda K66 The Music House 4,4.0,79 Ratings & 11 Reviews,1199,400.0,,1 Year,4.57,32 MB,64 MB,,,1.3MP
297,Micromax X513+,4.0,"1,310 Ratings & 138 Reviews",1108,1750.0,,1 Year,4.5,32 MB,32 MB,,,0.3MP
298,SAMSUNG Galaxy A14 5G,4.0,335 Ratings & 93 Reviews,18999,5000.0,SEC S5E8535 (Exynos 1330) Processor,1 Year,16.76,6 GB,128 GB,HD+,13MP,50MP + 2MP
299,itel IT5626,4.3,"5,043 Ratings & 604 Reviews",1745,2500.0,SC6531C Processor,1 Year,7.11,8 MB,8 MB,QVGA,,0.3MP
300,Easyfone Shield,,,1699,2500.0,Rugged Phone|Senior Citizen Phone,1 Year,7.11,32 MB,32 MB,QVGA,,2MP
301,REDMI Note 12 Pro+ 5G,,,29999,4980.0,Mediatek Dimensity 1080 Processor,1 Year,16.94,8 GB,256 GB,Full HD+,16MP,200MP + 8MP + 2MP
302,Micromax X708,3.9,"2,261 Ratings & 166 Reviews",1349,1450.0,,1 Year,6.1,32 MB,32 MB,,,0.3MP
303,realme NARZO 50A PRIME,4.0,143 Ratings & 10 Reviews,11634,5000.0,,1 Year,16.76,4 GB,64 GB,,,50MP
304,Nokia TA-1174 / TA-1299,4.2,"55,420 Ratings & 5,180 Reviews",1590,,,1 Year,4.57,4 MB,4 MB,,,
305,POCO F4 5G,4.3,"2,781 Ratings & 401 Reviews",29999,4500.0,Qualcomm Snapdragon 870 Processor,2 Year,16.94,12 GB,256 GB,Full HD+,20MP,64MP + 8MP + 2MP
306,LAVA Flip,4.2,"1,562 Ratings & 130 Reviews",1869,1200.0,,1 Year,6.1,56 MB,56 MB,,,0.08MP
307,SAMSUNG GURU MUSIC 2,4.1,"3,282 Ratings & 266 Reviews",1995,800.0,0 0 0 208MHz Processor,1 Year,5.08,8 MB,0 GB,QVGA,0MP,0MP
308,REDMI Note 11,4.3,654 Ratings & 55 Reviews,14485,5000.0,,12 Months,16.33,6 GB,128 GB,,,50MP
309,LAVA Flip,4.1,"13,606 Ratings & 1,301 Reviews",1869,1200.0,MTK6261D Processor,1 Year,6.1,32 MB,32 MB,QVGA,,0.08MP
310,itel It2171,4.1,"3,973 Ratings & 352 Reviews",949,1000.0,,1 Year,4.57,32 MB,32 MB,,,0.3MP
311,SAMSUNG Galaxy A73 5G,4.2,"1,383 Ratings & 184 Reviews",41999,5000.0,Qualcomm Snapdragon 778G Processor,1 Year,17.02,8 GB,128 GB,Full HD+,32MP,108MP + 12MP + 5MP + 5MP
312,itel Power 410,4.1,"1,786 Ratings & 166 Reviews",1499,2500.0,SC6531E Processor,1 Year,6.1,4 MB,4 MB,,,0.3MP
313,LAVA 34 Ultra,4.1,"1,492 Ratings & 166 Reviews",1649,2575.0,,1 Year,6.1,24 MB,32 MB,,,0.8MP
314,POCO X4 Pro 5G,4.2,"71,941 Ratings & 7,266 Reviews",15999,5000.0,Qualcomm Snapdragon 695 5G Processor,1 Year,16.94,6 GB,64 GB,Full HD+ Super AMOLED,16MP,64MP + 8MP + 2MP
315,KARBONN Jumbo K9,4.0,"12,841 Ratings & 1,298 Reviews",1314,1800.0,,1 Year,6.6,,,QVGA,,1.3MP
316,MOTOROLA Edge 30 Pro,4.0,"1,270 Ratings & 214 Reviews",35499,4800.0,Qualcomm Snapdragon 8 Gen 1 Processor,1 Year,17.02,8 GB,128 GB,Full HD+ AMOLED,60MP,50MP + 50MP + 2MP
317,REDMI Note 11,4.3,359 Ratings & 29 Reviews,12467,5000.0,,1 Year,16.33,4 GB,64 GB,,,50MP
318,Energizer M1,3.7,600 Ratings & 41 Reviews,749,600.0,,1 Year,4.5,32 MB,32 MB,,,0.08MP
319,Google Pixel 7 Pro,4.4,"1,713 Ratings & 298 Reviews",80999,4926.0,Google Tensor G2 Processor,1 Year,17.02,12 GB,128 GB,Quad HD+,10.8MP,50MP + 48MP + 12MP
320,SAMSUNG Guru 1200,4.1,"7,308 Ratings & 513 Reviews",1890,,0 0 0 0 Processor Processor,1 Year,3.81,153 MB,153 MB,,,
321,REDMI Note 12 5G,4.2,106 Ratings & 8 Reviews,20452,5000.0,,12 Months,16.94,6 GB,128 GB,,,48MP
322,realme 8i,4.5,"1,72,642 Ratings & 10,848 Reviews",13999,5000.0,MediaTek Helio G96 Processor,1 Year,16.76,4 GB,64 GB,Full HD+,16MP,50MP + 2MP + 2MP
323,Nokia 105 SS 2021,4.2,"83,340 Ratings & 6,279 Reviews",1449,,,1 Year,4.5,4 MB,4 MB,Quarter QVGA,,
324,OPPO F21S PRO,4.1,234 Ratings & 16 Reviews,21890,4500.0,Qualcomm SM6225 Snapdragon 680 4G (6 nm) Processor,,16.33,8 GB,128 GB,Full HD+,Dual,64MP + 2MP + 2MP
325,Nokia 105 PLUS SS,4.0,239 Ratings & 20 Reviews,1397,,,1 Year,4.5,4 MB,4 MB,,,
326,Kechaoda K33,4.0,"8,347 Ratings & 557 Reviews",1119,800.0,,1 Year,3.56,32 MB,32 MB,,,0.3MP
327,realme 9 Pro 5G,4.4,"81,392 Ratings & 6,838 Reviews",18999,5000.0,Qualcomm Snapdragon 695 Processor,1 Year,16.76,6 GB,128 GB,Full HD+,16MP,64MP + 8MP + 2MP
328,realme C20,4.4,"2,96,775 Ratings & 14,018 Reviews",7499,5000.0,MediaTek Helio G35 Processor,1 Year,16.51,2 GB,32 GB,HD+,5MP,8MP
329,vivo Y33s,4.3,"12,126 Ratings & 1,101 Reviews",15239,5000.0,MediaTek Helio G80 Processor,1 Year,16.71,8 GB,128 GB,Full HD+,16MP,50MP + 2MP + 2MP
330,SAMSUNG Galaxy S23 5G,4.2,"8,660 Ratings & 629 Reviews",79999,3900.0,Qualcomm Snapdragon 8 Gen 2 Processor,1 Year,15.49,8 GB,256 GB,Full HD+,12MP,50MP + 10MP + 12MP
331,Nokia 5310 TA-1212 DS,4.4,"81,392 Ratings & 6,838 Reviews",3549,1200.0,MT6260A Processor,1 Year,6.1,8 MB,16 MB,,,0.3MP
332,realme 9 Pro 5G,3.8,441 Ratings & 23 Reviews,18999,5000.0,Qualcomm Snapdragon 695 Processor,1 Year,16.76,6 GB,128 GB,Full HD+,16MP,64MP + 8MP + 2MP
333,Micromax J2,,,932,,,1 Year,4.5,32 MB,32 MB,,,
334,SAMSUNG Guru Music 2,4.3,"1,98,478 Ratings & 18,429 Reviews",1995,800.0,NA 0 Single Core 208MHz Processor,1 Year,5.08,,,QVGA,0MP,
335,Redmi 9A Sport,4.2,"6,151 Ratings & 450 Reviews",7364,5000.0,,1 Year,16.59,3 GB,32 GB,,,13MP
336,SAMSUNG Galaxy A23 5G,3.8,33 Ratings & 2 Reviews,24999,5000.0,Qualcomm Snapdragon 695 (SM6375) Processor,1 Year,16.76,8 GB,128 GB,Full HD+,8MP,50MP + 5MP
337,itel ACE 2N,4.2,450 Ratings & 27 Reviews,880,,,1 Year,4.57,4 MB,4 MB,,,
338,itel Vision 3,4.1,484 Ratings & 52 Reviews,6864,5000.0,Unisoc 9863A Processor,,16.76,3 GB,64 GB,HD+,5MP,8MP
339,realme 9i,4.5,"1,24,384 Ratings & 7,381 Reviews",13499,5000.0,Qualcomm Snapdragon 680 (SM6225) Processor,1 Year,16.76,4 GB,64 GB,Full HD+,16MP,50MP + 2MP + 2MP
340,Kechaoda K115,4.1,"29,171 Ratings & 2,243 Reviews",1160,850.0,,6 Months,3.66,32 MB,32 MB,QVGA,,0.3MP
341,Kechaoda K115,4.1,"29,171 Ratings & 2,243 Reviews",1180,850.0,,6 Months,3.66,32 MB,32 MB,QVGA,,0.3MP
342,KARBONN KX3,4.0,"1,993 Ratings & 138 Reviews",999,800.0,,1 Year,4.57,31 MB,32 MB,,,0.3MP
343,vivo Y33s,4.3,"12,126 Ratings & 1,101 Reviews",18990,5000.0,MediaTek Helio G80 Processor,1 Year,16.71,8 GB,128 GB,Full HD+,16MP,50MP + 2MP + 2MP
344,Infinix Smart 5A,4.3,"78,790 Ratings & 5,389 Reviews",7199,5000.0,MediaTek Helio A20 Processor,1 Year,16.56,2 GB,32 GB,HD+,8MP,8MP + Depth Sensor
345,Tecno Pova 3,4.2,422 Ratings & 26 Reviews,11490,7000.0,MediaTek Helio G88 Processor,1 Year,17.53,4 GB,64 GB,Full HD+,8MP,50MP + 2MP + 2MP
346,Tecno Pova 3,4.1,228 Ratings & 16 Reviews,13485,7000.0,MediaTek Helio G88 Processor,1 Year,17.53,6 GB,128 GB,Full HD+,8MP,50MP + 2MP + 2MP
347,REDMI Note 11T 5G,4.2,"5,719 Ratings & 450 Reviews",18249,5000.0,,12 Months,16.76,6 GB,128 GB,,,50MP
348,realme 9i,4.5,"26,375 Ratings & 1,565 Reviews",15999,5000.0,Qualcomm Snapdragon 680 (SM6225) Processor,1 Year,16.76,6 GB,128 GB,Full HD+,16MP,50MP + 2MP + 2MP
349,KARBONN K9 Yuva,3.9,600 Ratings & 39 Reviews,1295,2502.0,,1 Year,4.57,64 MB,32 KB,QVGA,,2MP
350,SAMSUNG Galaxy S23 5G,4.2,"12,316 Ratings & 1,186 Reviews",79999,3900.0,Qualcomm Snapdragon 8 Gen 2 Processor,1 Year,15.49,8 GB,256 GB,Full HD+,12MP,50MP + 10MP + 12MP
351,Infinix Note 12,,,12499,5000.0,MediaTek Helio G88 Processor,1 Year,17.02,6 GB,128 GB,Full HD+ AMOLED,16MP,50MP + 2MP Depth + AI Lens
352,realme 8i,4.4,"70,059 Ratings & 4,886 Reviews",15999,5000.0,MediaTek Helio G96 Processor,1 Year,16.76,6 GB,128 GB,Full HD+,16MP,50MP + 2MP + 2MP
353,REDMI Note 10T 5G,4.2,"31,598 Ratings & 2,419 Reviews",14999,5000.0,Mediatek Dimensity 700 Processor,,16.66,6 GB,128 GB,Full HD+,8MP,48MP + 2MP + 2MP
354,vivo Y21T,4.3,"1,546 Ratings & 107 Reviews",15499,5000.0,Qualcomm Snapdragon 680 Processor,1 Year,16.71,4 GB,128 GB,Full HD+,8MP,50MP + 2MP + 2MP
355,SAMSUNG Galaxy A23,4.3,469 Ratings & 35 Reviews,19999,5000.0,Octa-core(EXYNOS) Processor,1 Year,16.76,8 GB,128 GB,Full HD+,8MP,50MP
356,MOTOROLA Edge 30 Fusion,4.4,"2,564 Ratings & 444 Reviews",39999,4400.0,Qualcomm Snapdragon 888 + Processor,1 Year,16.64,8 GB,128 GB,Full HD+,32MP,50MP + 13MP + 2MP
357,Tecno Camon 19,4.2,228 Ratings & 24 Reviews,13989,5000.0,MediaTek Helio G85 Processor,1 Year,17.27,6 GB,128 GB,Full HD+,16MP,64MP + 2MP
358,SAMSUNG Galaxy S23 5G,4.3,"3,277 Ratings & 357 Reviews",79999,3900.0,Qualcomm Snapdragon 8 Gen 2 Processor,1 Year,15.49,8 GB,256 GB,Full HD+,12MP,50MP + 10MP + 12MP
359,REDMI Note 12 Pro 5G,4.3,654 Ratings & 55 Reviews,26999,5000.0,Mediatek Dimensity 1080 Processor,1 Year,16.94,8 GB,128 GB,Full HD,16MP,50MP + 8MP + 2MP
360,REDMI Note 11,4.5,"1,24,384 Ratings & 7,381 Reviews",12650,5000.0,,12 Months,16.33,6 GB,64 GB,,,50MP
361,realme 9i,4.3,"2,119 Ratings & 163 Reviews",14999,5000.0,Qualcomm Snapdragon 680 (SM6225) Processor,1 Year,16.76,4 GB,128 GB,Full HD+,16MP,50MP + 2MP + 2MP
362,vivo Y21G,4.1,"1,655 Ratings & 171 Reviews",13499,5000.0,Mediatek MT6769 Helio G70 Processor,1 Year,16.54,4 GB,64 GB,HD+,8MP,13MP + 2MP
363,Motorola a70,4.0,45 Ratings & 2 Reviews,1929,,,2 Year,6.1,,0 MB,Quarter QVGA,,
364,MOTOROLA e22s,4.4,375 Ratings & 50 Reviews,10999,5000.0,Mediatek Helio G37 Processor,1 Year,16.51,4 GB,64 GB,HD+,8MP,16MP + 2MP
365,IQOO Neo 6 5G,,,34280,4700.0,,1 Year,16.81,12 GB,256 GB,,,64MP
366,ANGAGE ELITE,3.8,15 Ratings & 2 Reviews,879,2500.0,,1 Months,4.5,64 MB,64 MB,,,0.3MP
367,Micromax X415,3.9,"1,187 Ratings & 82 Reviews",1040,1000.0,,1 Year,4.5,56 MB,36 MB,,,0.03MP
368,realme 9 5G SE,4.3,"2,462 Ratings & 229 Reviews",22999,5000.0,Qualcomm Snapdragon 778G Processor,1 Year,16.76,8 GB,128 GB,Full HD+,16MP,48MP + 2MP + 2MP
369,LAVA A5,4.1,"12,540 Ratings & 1,182 Reviews",1419,1000.0,,1 Year,6.1,32 MB,24 MB,QVGA,,0.3MP
370,realme 9i,4.5,"1,24,384 Ratings & 7,381 Reviews",14999,5000.0,Qualcomm Snapdragon 680 (SM6225) Processor,1 Year,16.76,4 GB,128 GB,Full HD+,16MP,50MP + 2MP + 2MP
371,IQOO Z6 44W,4.3,818 Ratings & 61 Reviews,16249,5000.0,,1 Year,16.36,6 GB,128 GB,,,50MP
372,realme 9 Pro+ 5G,4.4,"31,185 Ratings & 3,800 Reviews",24999,4500.0,Mediatek Dimensity 920 Processor,1 Year,16.26,6 GB,128 GB,Full HD+ AMOLED,16MP,50MP + 8MP + 2MP
373,itel A49,4.2,571 Ratings & 31 Reviews,5699,4000.0,Quad Core Processor,1 Year,16.76,2 GB,32 GB,HD+,5MP,5MP
374,KARBONN K110i,3.4,120 Ratings & 14 Reviews,949,,,1 Year,4.57,,,QVGA,,
375,realme C21Y,4.6,"90,432 Ratings & 3,088 Reviews",9499,5000.0,Unisoc T610 Processor,1 Year,16.51,3 GB,32 GB,HD+,5MP,13MP + 2MP + 2MP
376,Kechaoda K33,4.0,"8,347 Ratings & 557 Reviews",1124,800.0,,1 Year,3.56,32 MB,32 MB,,,0.3MP
377,Nokia 105 PLUS,4.1,"6,950 Ratings & 489 Reviews",1399,1000.0,MTK6261D Processor,1 Year,4.5,4 MB,4 MB,,0MP,
378,SAMSUNG Galaxy A13,4.1,722 Ratings & 49 Reviews,14999,5000.0,Exynos Octa Core Processor,1 Year,16.76,4 GB,128 GB,Full HD+,8MP,50MP + 5MP + 2MP + 2MP
379,APPLE iPhone 14 Pro,4.7,727 Ratings & 58 Reviews,122999,,"A16 Bionic Chip, 6 Core Processor Processor",1 Year,15.49,,128 GB,Super Retina XDR,12MP,48MP + 12MP + 12MP + 12MP
380,SAMSUNG Galaxy A13,4.1,317 Ratings & 20 Reviews,16499,5000.0,Exynos Octa Core Processor,1 Year,16.76,6 GB,128 GB,Full HD+,8MP,50MP + 5MP + 2MP + 2MP
381,Micromax J2,3.8,441 Ratings & 23 Reviews,968,,,1 Year,4.5,32 MB,32 MB,,,
382,itel Vision 3,4.1,484 Ratings & 52 Reviews,6911,5000.0,Unisoc 9863A Processor,,16.76,3 GB,64 GB,HD+,5MP,8MP
383,Google Pixel 7,4.4,"2,592 Ratings & 409 Reviews",56999,4270.0,Google Tensor G2 Processor,1 Year,16.0,8 GB,128 GB,Full HD+,10.8MP,50MP + 12MP
384,SAMSUNG Galaxy A23,4.2,824 Ratings & 58 Reviews,18499,5000.0,Octa-core(EXYNOS) Processor,1 Year,16.76,6 GB,128 GB,Full HD+,8MP,50MP
385,IQOO Neo 6 5G,4.4,970 Ratings & 118 Reviews,30200,4700.0,,1 Year,16.81,8 GB,128 GB,,,64MP
386,vivo Y01A,4.0,36 Ratings & 2 Reviews,8250,5000.0,Mediatek Helio P35 Processor,1 Year,16.54,2 GB,32 GB,HD+,5MP,8MP
387,Nokia 5310ds,4.1,"7,678 Ratings & 543 Reviews",3549,1200.0,MT6260A Processor,1 Year,6.1,8 MB,16 MB,,,0.3MP
388,realme 9 5G,4.5,"38,513 Ratings & 2,186 Reviews",15999,5000.0,Mediatek Dimensity 810 Processor,1 Year,16.51,4 GB,64 GB,Full HD+,16MP,48MP + 2MP + 2MP
389,POCO M5,4.3,"1,542 Ratings & 103 Reviews",12999,5000.0,Mediatek Helio G99 Processor,1 Year,16.71,6 GB,128 GB,Full HD+,8MP,50MP + 2MP + 2MP
390,Motorola a70,4.0,944 Ratings & 109 Reviews,1929,,,2 Year,6.1,4 MB,4 MB,Quarter QVGA,,
391,Redmi 9A Sport,4.1,"25,056 Ratings & 1,882 Reviews",7289,5000.0,,1 Year,16.59,2 GB,32 GB,,,13MP
392,Redmi 9A Sport,4.1,"25,056 Ratings & 1,882 Reviews",6975,5000.0,,1 Year,16.59,2 GB,32 GB,,,13MP
393,Redmi 9A Sport,4.2,"6,151 Ratings & 450 Reviews",7323,5000.0,,1 Year,16.59,3 GB,32 GB,,,13MP
394,OPPO F19s,4.5,"9,990 Ratings & 551 Reviews",19999,5000.0,Qualcomm Snapdragon 662 Processor,1 Year,16.33,6 GB,128 GB,Full HD+,16MP,48MP + 2MP + 2MP
395,Nokia 125 DS 2020,3.9,"6,055 Ratings & 406 Reviews",2345,,MediaTek Processor,1 Year,6.1,4 MB,4 MB,,,
396,Xiaomi 11i Hypercharge 5G,4.2,"10,903 Ratings & 1,127 Reviews",24999,4500.0,Mediatek Dimensity 920 Processor,1 Year,16.94,6 GB,128 GB,Full HD+ AMOLED,16MP,108MP + 8MP + 2MP
397,APPLE iPhone 14 Plus,4.7,"3,770 Ratings & 265 Reviews",90999,,"A15 Bionic Chip, 6 Core Processor Processor",1 Year,17.02,,256 GB,Super Retina XDR,12MP,12MP + 12MP
398,POCO X3,4.3,"2,55,249 Ratings & 24,251 Reviews",19999,6000.0,Qualcomm Snapdragon 732G Processor,1 Year,16.94,6 GB,64 GB,Full HD+,20MP,64MP + 13MP + 2MP + 2MP
399,itel MagicX Play,3.7,72 Ratings & 12 Reviews,2149,1900.0,,12+1 Months,4.57,48 MB,128 MB,,,0.3MP
400,Redmi Note 11 PRO Plus 5G,4.2,"5,864 Ratings & 490 Reviews",21900,5000.0,,1 Year,16.94,6 GB,128 GB,,,108MP
401,POCO M4 Pro 5G,4.2,"47,346 Ratings & 4,146 Reviews",16999,5000.0,Mediatek Dimensity 810 Processor,1 Year,16.76,6 GB,128 GB,Full HD+,16MP,50MP + 8MP
402,REDMI Note 11 Pro,4.2,"1,138 Ratings & 84 Reviews",17990,5000.0,,12 Months,16.94,6 GB,128 GB,,,108MP
403,Nokia C21 Plus,3.8,110 Ratings & 16 Reviews,10499,5050.0,Octa Core Processor,1 Year,16.69,4 GB,64 GB,HD+,5MP,13MP + 2MP
404,realme 9 5G SE,4.4,"26,717 Ratings & 2,202 Reviews",19999,5000.0,Qualcomm Snapdragon 778G Processor,1 Year,16.76,6 GB,128 GB,Full HD+,16MP,48MP + 2MP + 2MP
405,Micromax S115,3.8,137 Ratings & 9 Reviews,967,,,1 Year,4.5,32 MB,32 MB,,,
406,Micromax S115,3.8,137 Ratings & 9 Reviews,989,,,1 Year,4.5,32 MB,32 MB,,,
407,Nokia 5710 XA DS,4.0,"2,175 Ratings & 164 Reviews",4999,1450.0,Unisoc UMS9117-N Processor,1 Year,6.1,0.046875 GB,0.125 GB,QVGA,,0.3MP
408,LAVA A1 Super 2021,4.3,"2,147 Ratings & 261 Reviews",1199,800.0,,1 Year,4.5,32 MB,24 MB,Quarter QVGA,,0.3MP
409,SAMSUNG Galaxy A52,4.2,571 Ratings & 31 Reviews,25990,4500.0,Qualcomm Snapdragon 720G Processor,1 Year,16.51,6 GB,128 GB,Full HD+,32MP,64MP + 12MP + 5MP + 5MP
410,itel A49,4.3,"34,389 Ratings & 4,416 Reviews",5665,4000.0,Quad Core Processor,1 Year,16.76,2 GB,32 GB,HD+,5MP,5MP
411,OPPO Reno8 5G,4.3,"34,389 Ratings & 4,416 Reviews",29999,4500.0,Mediatek Dimensity 1300 Processor,1 Year,16.33,8 GB,128 GB,Full HD,32MP,50MP + 8MP + 2MP
412,OPPO Reno8 5G,4.3,"3,153 Ratings & 234 Reviews",29999,4500.0,Mediatek Dimensity 1300 Processor,1 Year,16.33,8 GB,128 GB,Full HD,32MP,50MP + 8MP + 2MP
413,POCO M5,4.2,213 Ratings & 17 Reviews,10999,5000.0,Mediatek Helio G99 Processor,1 Year,16.71,4 GB,64 GB,Full HD+,8MP,50MP + 2MP + 2MP
414,SAMSUNG Galaxy M32 Prime Edition,,,11570,6000.0,,12 Months,16.26,4 GB,64 GB,,,64MP
415,SAMSUNG Galaxy M32 Prime Edition,4.2,213 Ratings & 17 Reviews,12722,6000.0,,12 Months,16.26,4 GB,64 GB,,,64MP
416,KARBONN K110i,3.4,120 Ratings & 14 Reviews,949,,,1 Year,4.57,,0 MB,QVGA,,
417,APPLE iPhone 12,4.6,"1,86,830 Ratings & 12,732 Reviews",53999,,A14 Bionic Chip with Next Generation Neural Engine Processor,,15.49,,64 GB,Super Retina XDR,12MP,12MP + 12MP
418,itel Vision3,4.3,174 Ratings & 15 Reviews,5848,5000.0,,1 Year,16.76,2 GB,32 GB,,,8MP
419,MTR Ferrari,4.1,"6,281 Ratings & 451 Reviews",1300,800.0,,12 Months,4.5,64 MB,64 MB,,,0.3MP
420,MU M5000,3.9,"2,377 Ratings & 303 Reviews",1179,2500.0,,1 Year,7.11,32 MB,32 MB,,,1.3MP
421,SAMSUNG GALAXY M13 5G,4.0,266 Ratings & 15 Reviews,12688,5000.0,,12 Months,16.51,4 GB,64 GB,,,50MP
422,realme GT Neo 3T,4.3,"7,378 Ratings & 837 Reviews",28499,5000.0,Qualcomm Snapdragon 870 Processor,1 Year,16.81,8 GB,256 GB,Full HD+ AMOLED,16MP,64MP + 8MP + 2MP
423,realme GT Neo 3T,4.3,"12,003 Ratings & 1,403 Reviews",24999,5000.0,Qualcomm Snapdragon 870 Processor,1 Year,16.81,6 GB,128 GB,Full HD+ AMOLED,16MP,64MP + 8MP + 2MP
424,Kechaoda A26,4.1,"14,609 Ratings & 1,035 Reviews",1120,,,1 Year,1.68,32 MB,32 MB,,,
425,REDMI Note 10S,4.2,"7,367 Ratings & 677 Reviews",16499,5000.0,Mediatek Helio G95 Processor,1 Year,16.33,8 GB,128 GB,Full HD+ Super AMOLED,13MP,64MP + 8MP + 2MP + 2MP
426,vivo Y33T,4.4,"2,555 Ratings & 179 Reviews",16790,5000.0,,1 Year,16.71,8 GB,128 GB,,16MP,50MP + 2MP + 2MP
427,realme GT Neo 3T,4.3,"7,378 Ratings & 837 Reviews",26499,5000.0,Qualcomm Snapdragon 870 Processor,1 Year,16.81,8 GB,128 GB,Full HD+ AMOLED,16MP,64MP + 8MP + 2MP
428,POCO M5,4.3,"3,153 Ratings & 234 Reviews",10999,5000.0,Mediatek Helio G99 Processor,1 Year,16.71,4 GB,64 GB,Full HD+,8MP,50MP + 2MP+ 2MP
429,MOTOROLA G40 Fusion,4.2,"32,929 Ratings & 3,704 Reviews",14499,6000.0,Qualcomm Snapdragon 732G Processor,,17.22,4 GB,64 GB,Full HD+,16MP,64MP + 8MP + 2MP
430,Kechaoda A27,4.0,"6,710 Ratings & 519 Reviews",1120,,,1 Year,1.68,32 MB,32 MB,,,
431,MarQ by Flipkart M70 Shakti,4.0,"3,487 Ratings & 435 Reviews",1599,3000.0,,1 Year,6.1,32 MB,32 MB,QVGA,,0.3MP
432,REDMI A1+,4.1,641 Ratings & 46 Reviews,7499,5000.0,Mediatek Helio A22 Processor,1 Year,16.56,2 GB,32 GB,HD+,5MP,8MP
433,Nokia 110 TA-1302 DS,4.0,"24,839 Ratings & 1,962 Reviews",1697,800.0,,1 Year,4.5,4 MB,4 MB,QVGA,,1MP
434,MOTOROLA G40 Fusion,4.2,"56,337 Ratings & 6,058 Reviews",16499,6000.0,Qualcomm Snapdragon 732G Processor,,17.22,6 GB,128 GB,Full HD+,16MP,64MP + 8MP + 2MP
435,OPPO A16,4.3,"3,831 Ratings & 271 Reviews",12990,5000.0,MediaTek Helio G35 Processor,1 Year,16.56,4 GB,64 GB,HD+,8MP,13MP
436,Micromax X740,3.8,"3,588 Ratings & 361 Reviews",1319,1800.0,,1 Year,6.1,128 MB,32 MB,,,0.3MP
437,itel A27,4.0,794 Ratings & 54 Reviews,5299,4000.0,,1 Year,13.84,2 GB,32 GB,,,2MP
438,Kechaoda K33,4.0,"8,347 Ratings & 557 Reviews",1160,800.0,,1 Year,3.56,32 MB,32 MB,,,0.3MP
439,GREENBERRI RAFALE,4.1,14 Ratings & 2 Reviews,899,1000.0,,1 Year,4.57,32 MB,32 MB,,,2MP
440,POCO M2 Pro,4.4,"3,50,702 Ratings & 33,207 Reviews",19999,5000.0,Qualcomm Snapdragon 720G Processor,1 Year,16.94,6 GB,128 GB,Full HD+,16MP,48MP + 8MP + 5MP + 2MP
441,realme 9 Pro+ 5G,4.4,"29,567 Ratings & 3,287 Reviews",26999,4500.0,Mediatek Dimensity 920 Processor,1 Year,16.26,8 GB,128 GB,Full HD+ AMOLED,16MP,50MP + 8MP + 2MP
442,REDMI 10A SPORT,4.0,759 Ratings & 45 Reviews,10770,5000.0,,12 Months,16.59,6 GB,128 GB,,,13MP
443,realme 9 5G,4.4,"47,973 Ratings & 3,098 Reviews",17499,5000.0,Mediatek Dimensity 810 Processor,1 Year,16.51,6 GB,128 GB,Full HD+,16MP,48MP + 2MP + 2MP
444,REDMI 9 Activ,4.2,"9,679 Ratings & 671 Reviews",9147,5000.0,Mediatek Helio G35 Processor,1 Year,16.59,4 GB,64 GB,HD+,5MP,13MP + 2MP
445,Nokia 110 DS,4.0,532 Ratings & 28 Reviews,1720,800.0,,1 Year,4.5,4 MB,32 MB,,,1MP
446,"I Kall King Talking, Contact icon and Auto Call Recording",3.6,"15,615 Ratings & 1,440 Reviews",774,1500.0,,1 Year,4.57,32 MB,32 MB,,,0.3MP
447,LAVA Hero 600i,4.1,137 Ratings & 10 Reviews,939,,,1 Year,4.57,4 MB,3 MB,,,
448,MOTOROLA Edge 30 Ultra,4.3,279 Ratings & 73 Reviews,59999,4610.0,Qualcomm Snapdragon 8+ Gen 1 Processor,1 Year,16.94,12 GB,256 GB,Full HD+,60MP,200MP + 50MP + 12MP
449,itel A23S,3.5,86 Ratings & 6 Reviews,4699,3020.0,,1 Year,12.7,2 GB,32 GB,,,2MP
450,Infinix Hot 11,4.3,"16,120 Ratings & 1,379 Reviews",9999,5200.0,MediaTek Helio G70 Processor,1 Year,16.76,4 GB,64 GB,Full HD+,8MP,13MP + Depth Lens
451,Micromax X809,3.8,"4,954 Ratings & 431 Reviews",1389,1000.0,,1 Year,7.11,32 MB,32 MB,,,1MP
452,Nokia TA-1304/105 SS,4.2,"63,129 Ratings & 4,927 Reviews",1448,,,1 Year,4.5,4 MB,4 MB,,,
453,Tecno Spark 8C,4.2,102 Ratings & 10 Reviews,8888,5000.0,Unisoc T606 Processor,1 Year,16.76,4 GB,64 GB,HD+,8MP,13MP
454,itel Power200,4.5,4 Ratings & 1 Reviews,1376,2500.0,,1 Year,4.57,32 MB,32 MB,,,0.3MP
455,SAMSUNG Galaxy A03,4.1,647 Ratings & 41 Reviews,8250,5000.0,Unisoc UMS9230 Processor,1 Year,16.51,3 GB,32 GB,HD+,5MP,48MP + 2MP
456,APPLE iPhone 13,4.7,"1,89,398 Ratings & 10,410 Reviews",72999,,A15 Bionic Chip Processor,1 Year,15.49,,256 GB,Super Retina XDR,12MP,12MP + 12MP
457,REDMI Note 12 Pro+ 5G,4.3,"1,955 Ratings & 230 Reviews",32999,4980.0,Mediatek Dimensity 1080 Processor,1 Year,16.94,12 GB,256 GB,Full HD+,16MP,200MP + 8MP + 2MP
458,Tecno Spark Go 2022,4.3,809 Ratings & 57 Reviews,6865,5000.0,Helio A20 Processor,12 Months,16.66,2 GB,32 GB,HD+,,13MP
459,realme Narzo 30,4.3,"76,430 Ratings & 6,055 Reviews",15499,5000.0,MediaTek Helio G95 Processor,,16.51,6 GB,128 GB,Full HD+,16MP,48MP + 2MP + 2MP
460,SAMSUNG Galaxy A04e,4.3,12 Ratings & 0 Reviews,11499,5000.0,Mediatek Helio P35 Processor,1 Year,16.51,4 GB,128 GB,HD+,5MP,13MP + 2MP
461,LAVA A7 Star,4.0,183 Ratings & 20 Reviews,1527,1800.0,,1 Year,6.1,24 MB,32 MB,Quarter QVGA,0MP,0.3MP
462,Tecno Spark 8 Pro,4.3,140 Ratings & 14 Reviews,9840,5000.0,,12 Months,17.27,4 GB,64 GB,,,48MP
463,LAVA A3 Power,4.1,"2,822 Ratings & 292 Reviews",1497,2575.0,,1 Year,4.5,32 MB,24 MB,Quarter QVGA,,0.3MP
464,REDMI Note 9,4.3,"6,588 Ratings & 441 Reviews",14999,5020.0,MediaTek Helio G85 Processor,1 Year,16.59,6 GB,128 GB,Full HD+,13MP,48MP + 8MP + 2MP + 2MP
465,realme C21Y,4.5,"2,54,221 Ratings & 9,539 Reviews",10499,5000.0,Unisoc T610 Processor,1 Year,16.51,4 GB,64 GB,HD+,5MP,13MP + 2MP + 2MP
466,SAMSUNG Galaxy S22 5G,4.3,93 Ratings & 14 Reviews,52990,3700.0,,1 Year,15.49,8 GB,128 GB,,,50MP
467,REDMI 11 Prime 5G,4.3,"1,214 Ratings & 81 Reviews",13601,5000.0,,1 Year,16.71,4 GB,64 GB,,,5MP
468,itel it5026,4.0,"1,127 Ratings & 106 Reviews",1305,1200.0,,1 Year,6.1,4 MB,4 MB,,,2MP
469,SAMSUNG Galaxy A14 5G,4.0,63 Ratings & 9 Reviews,20999,5000.0,SEC S5E8535 (Exynos 1330) Processor,1 Year,16.76,8 GB,128 GB,HD+,13MP,50MP + 2MP
470,POCO F4 5G,4.3,"11,978 Ratings & 1,713 Reviews",25999,4500.0,Qualcomm Snapdragon 870 Processor,2 Year,16.94,6 GB,128 GB,Full HD+,20MP,64MP + 8MP + 2MP
471,I Kall k22 Plus,4.1,12 Ratings & 0 Reviews,869,1000.0,,1 Year,4.57,64 MB,32 MB,,,0.3MP
472,realme C25_Y,4.5,"46,809 Ratings & 2,233 Reviews",10999,5000.0,Unisoc T618 Processor,1 Year,16.51,4 GB,64 GB,HD+,8MP,50MP + 2MP + 2MP
473,vivo Y22,4.3,607 Ratings & 33 Reviews,16499,5000.0,Mediatek Helio G70 Processor,1 Year,16.64,6 GB,128 GB,HD+,8MP,50MP + 2MP
474,Kechaoda K9,4.1,"2,632 Ratings & 246 Reviews",1350,1700.0,,1 Year,6.1,32 MB,64 MB,QVGA,,0.3MP
475,SAMSUNG Galaxy A03 Core,4.0,"2,687 Ratings & 237 Reviews",6748,5000.0,,12 Months,16.51,2 GB,32 GB,,,8MP
476,Micromax X778,3.9,"2,529 Ratings & 256 Reviews",1379,2700.0,,1 Year,6.1,32 MB,32 MB,,,0.3MP
477,Nokia C01 Plus,3.8,"4,294 Ratings & 374 Reviews",5199,3000.0,Unisoc SC9863A Processor,1 Year,13.84,2 GB,16 GB,HD+,2MP,5MP
478,SAMSUNG Galaxy F22,4.3,"1,02,648 Ratings & 9,872 Reviews",11499,6000.0,MediaTek Helio G80 Processor,1 Year,16.26,4 GB,64 GB,HD+,13MP,48MP + 8MP + 2MP + 2MP
479,SAMSUNG Galaxy Z Flip3 5G,4.4,"1,805 Ratings & 141 Reviews",69999,3300.0,Qualcomm Snapdragon 888 Octa-Core Processor,1 Year,17.02,8 GB,128 GB,Full HD+,10MP,12MP + 12MP
480,realme 8,4.4,"1,21,885 Ratings & 10,666 Reviews",15999,5000.0,MediaTek Helio G95 Processor,,16.26,4 GB,128 GB,Full HD+,16MP,64MP + 8MP + 2MP + 2MP
481,realme 8,4.4,"1,21,690 Ratings & 9,956 Reviews",16999,5000.0,MediaTek Helio G95 Processor,,16.26,6 GB,128 GB,Full HD+,16MP,64MP + 8MP + 2MP + 2MP
482,Tecno Spark 8P,3.9,24 Ratings & 1 Reviews,8999,5000.0,MediaTek Helio G85 Processor,1 Year,16.76,4 GB,64 GB,Full HD+,8MP,50MP + 2MP
483,Kechaoda K55 Pro,3.8,980 Ratings & 52 Reviews,1220,400.0,,1 Year,4.57,32 MB,64 MB,Quarter QVGA,,1.3MP
484,Tecno Pova 3,4.1,228 Ratings & 16 Reviews,13898,7000.0,MediaTek Helio G88 Processor,1 Year,17.53,6 GB,128 GB,Full HD+,8MP,50MP + 2MP + 2MP
485,I Kall K43,3.6,"4,373 Ratings & 417 Reviews",889,1000.0,,1 Year,4.57,32 MB,64 MB,,,0.3MP
486,LAVA Z2,4.1,333 Ratings & 56 Reviews,7999,5000.0,MediaTek Helio G35 Processor,1 Year,16.55,3 GB,32 GB,HD+,8MP,13MP + 2MP
487,realme Narzo 50i,4.3,"62,234 Ratings & 3,502 Reviews",8999,5000.0,SC9863A Processor,1 Year,16.51,4 GB,64 GB,,5MP,8MP
488,Tecno Pop 5 Pro,4.2,413 Ratings & 33 Reviews,7099,6000.0,Helio A22 Processor,1 Year,16.56,3 GB,32 GB,HD+,5MP,8MP
489,SAMSUNG Galaxy A52,4.3,"2,147 Ratings & 261 Reviews",25490,4500.0,Qualcomm Snapdragon 720G Processor,1 Year,16.51,6 GB,128 GB,Full HD+,32MP,64MP + 12MP + 5MP + 5MP
490,Tecno Spark Go 2022,4.3,809 Ratings & 57 Reviews,6899,5000.0,Helio A20 Processor,12 Months,16.66,2 GB,32 GB,HD+,,13MP
491,OPPO A57,4.4,"2,169 Ratings & 104 Reviews",13999,5000.0,Mediatek Helio G35 Processor,1 Year,16.66,4 GB,64 GB,HD+,8MP,13MP + 2MP
492,realme 8,4.4,"95,734 Ratings & 8,375 Reviews",17999,5000.0,MediaTek Helio G95 Processor,,16.26,8 GB,128 GB,Full HD+,16MP,64MP + 8MP + 2MP + 2MP
493,Tecno Spark Go 2022,4.3,809 Ratings & 57 Reviews,6699,5000.0,,1 Year,16.56,2 GB,32 GB,,,13MP
494,Micromax X749,4.0,"7,304 Ratings & 831 Reviews",1367,1750.0,,1 Year,6.1,32 MB,32 MB,,,0.3MP
495,OPPO A15S,4.3,"5,628 Ratings & 306 Reviews",12889,4230.0,,1 Year,16.56,4 GB,128 GB,,,13MP
496,Kechaoda A27,4.0,"6,710 Ratings & 519 Reviews",1099,,,1 Year,1.68,32 MB,32 MB,,,
497,POCO F4 5G,4.3,"4,818 Ratings & 650 Reviews",27999,4500.0,Qualcomm Snapdragon 870 Processor,2 Year,16.94,8 GB,128 GB,Full HD+,20MP,64MP + 8MP + 2MP
498,Micromax J2,3.8,441 Ratings & 23 Reviews,975,,,1 Year,4.5,32 MB,32 MB,,,
499,IQOO Z6 44W,4.2,994 Ratings & 83 Reviews,14390,5000.0,,1 Year,16.36,4 GB,128 GB,,Dual,50MP + 50MP + 2MP + 2MP
500,MOTOROLA G30,4.1,"36,295 Ratings & 3,550 Reviews",10999,5000.0,Snapdragon 662 Processor,,16.54,4 GB,64 GB,HD+,13MP,64MP + 8MP + 2MP + 2MP
501,LAVA A1,4.2,"1,07,722 Ratings & 11,423 Reviews",1189,800.0,,1 Year,4.5,24 MB,24 MB,Quarter QVGA,,0.3MP
502,realme narzo 50 5G,4.2,33 Ratings & 1 Reviews,16990,5000.0,,12 Months,16.76,6 GB,128 GB,,,48MP
503,Nokia 2660 TA-1480 DS,3.9,"16,129 Ratings & 1,239 Reviews",4699,1450.0,,1 Year,7.11,0.046875 GB,0.125 GB,QVGA,,0.3MP
504,Kechaoda K66 The Music House 4,4.1,"7,739 Ratings & 649 Reviews",1399,400.0,,1 Year,4.57,32 MB,64 MB,,,1.3MP
505,KARBONN K9,4.7,"1,89,398 Ratings & 10,410 Reviews",1325,1800.0,,1 Year,6.6,,,QVGA,,2MP
506,APPLE iPhone 13,4.1,907 Ratings & 62 Reviews,62999,,A15 Bionic Chip Processor,1 Year,15.49,,128 GB,Super Retina XDR,12MP,12MP + 12MP
507,Tecno Spark 8,4.2,"1,365 Ratings & 153 Reviews",8899,5000.0,MediaTek Helio G25 Processor,1 Year,16.66,4 GB,64 GB,HD+,8MP,16MP
508,SAMSUNG Galaxy A53,3.9,"22,042 Ratings & 3,381 Reviews",34999,5000.0,Exynos Octa Core Processor Processor,1 Year,16.51,8 GB,256 GB,Full HD+,32MP,64MP + 12MP + 5MP + 5MP
509,Micromax IN 2B,,,6999,5000.0,ARM Cortex A75 Octa Core Processor,,16.56,4 GB,64 GB,HD+,5MP,13MP + 2MP
510,Redmi 9A,4.3,"21,519 Ratings & 1,289 Reviews",7789,5000.0,,1 Year,16.59,2 GB,32 GB,Full HD+,,13MP
511,Kechaoda A26,4.1,"14,609 Ratings & 1,035 Reviews",1085,,,1 Year,1.68,32 MB,32 MB,,,
512,OPPO A76,4.3,359 Ratings & 27 Reviews,17499,5000.0,Qualcomm Snapdragon 680 Processor,1 Year,16.66,6 GB,128 GB,HD+,8MP,13MP + 2MP
513,vivo Y22,4.3,607 Ratings & 33 Reviews,16442,5000.0,Mediatek Helio G70 Processor,1 Year,16.64,6 GB,128 GB,HD+,8MP,50MP + 2MP
514,Kechaoda K66 The Music House 4,3.9,"16,129 Ratings & 1,239 Reviews",1220,400.0,,1 Year,4.57,32 MB,64 MB,,,1.3MP
515,Kechaoda K66 The Music House 4,3.9,"16,129 Ratings & 1,239 Reviews",1200,400.0,,1 Year,4.57,32 MB,64 MB,Quarter QVGA,,1.3MP
516,vivo Y53s,4.3,"18,954 Ratings & 1,615 Reviews",15490,5000.0,MediaTek Helio G80 Processor,1 Year,16.71,8 GB,128 GB,Full HD+,16MP,64MP + 2MP + 2MP
517,OnePlus 10R 5G,4.3,"1,856 Ratings & 150 Reviews",34349,5000.0,,12 Months,17.02,8 GB,128 GB,,,50MP
518,SAMSUNG Galaxy S22 5G,4.3,93 Ratings & 14 Reviews,57890,3700.0,Octa Core Processor,1 Year,15.49,8 GB,256 GB,Full HD+,10MP,50MP + 12MP + 10MP
519,BlackZone ECO X,4.0,"7,972 Ratings & 515 Reviews",1429,1000.0,,1 Year,3.66,32 MB,32 MB,,,0.3MP
520,BlackZone ECO X,4.0,"7,972 Ratings & 515 Reviews",1449,1000.0,,1 Year,3.66,32 MB,32 MB,,,0.3MP
521,I Kall K52,3.5,176 Ratings & 15 Reviews,839,,,1 Year,4.57,32 MB,64 MB,,,
522,I Kall K20,4.5,40 Ratings & 6 Reviews,929,2500.0,,1 Year,4.57,32 MB,32 MB,,,0.3MP
523,OnePlus 10R,4.1,14 Ratings & 2 Reviews,35999,5000.0,,1 Year,17.02,8 GB,128 GB,,,50MP
524,GREENBERRI RAFALE,4.3,"49,273 Ratings & 5,236 Reviews",899,1000.0,,1 Year,4.57,32 MB,32 MB,,,2MP
525,Infinix Hot 11S,4.0,690 Ratings & 65 Reviews,10999,5000.0,Mediatek Helio G88 Processor,1 Year,17.22,4 GB,64 GB,Full HD+,8MP,50 MP + 2 MP + AI Lens
526,itel Ace 2,4.5,"46,809 Ratings & 2,233 Reviews",947,1000.0,Spreadtrum Processor,12 Months,4.57,4 MB,4 MB,Quarter QVGA,0MP,
527,realme C25_Y,4.1,"17,163 Ratings & 2,109 Reviews",10999,5000.0,Unisoc T618 Processor,1 Year,16.51,4 GB,64 GB,HD+,8MP,50MP + 2MP + 2MP
528,MOTOROLA G51 5G,4.4,"2,555 Ratings & 179 Reviews",12999,5000.0,Qualcomm Snapdragon 480 Pro Processor,1 Year,17.27,4 GB,64 GB,Full HD+,13MP,50MP + 8MP + 2MP
529,vivo Y33T,,,17989,5000.0,Qualcomm Snapdragon 680 Processor,1 Year,16.71,8 GB,128 GB,Full HD+,16MP,50MP + 2MP + 2MP
530,realme 9 Pro+ 5G,4.4,"29,567 Ratings & 3,287 Reviews",28999,4500.0,Mediatek Dimensity 920 Processor,1 Year,16.26,8 GB,256 GB,Full HD+ AMOLED,16MP,50MP + 8MP + 2MP
531,itel Ace 2N,4.2,450 Ratings & 27 Reviews,889,1000.0,Mediatek MT6261D Processor,12+1 Months,4.57,4 MB,4 MB,Quarter QVGA,0MP,
532,realme 8 5G,4.3,"75,827 Ratings & 6,016 Reviews",16499,5000.0,MediaTek Dimensity 700 (MT6833) Processor,1 Year,16.51,4 GB,128 GB,Full HD+,16MP,48MP + 2MP + 2MP
533,OPPO A16E,4.3,740 Ratings & 32 Reviews,9990,4230.0,Mediatek Helio P22 Processor,1 Year,16.56,3 GB,32 GB,HD+,5MP,13MP
534,Mi 11 Lite,4.2,"6,018 Ratings & 611 Reviews",20999,4250.0,Qualcomm Snapdragon 732G Processor,1 Year,16.64,8 GB,128 GB,Full HD+,16MP,64MP + 8MP + 5MP
535,realme Narzo 30,4.4,"1,06,168 Ratings & 8,981 Reviews",13499,5000.0,MediaTek Helio G95 Processor,,16.51,4 GB,64 GB,Full HD+,16MP,48MP + 2MP + 2MP
536,itel Power 100 New,4.2,825 Ratings & 60 Reviews,1335,2500.0,SC6531E Processor,1 Year,4.57,4 MB,4 MB,,,0.3MP
537,KARBONN K9 max,4.0,"3,638 Ratings & 331 Reviews",1590,2500.0,,1 Year,6.6,64 MB,64 MB,QVGA,,2MP
538,SAMSUNG Galaxy S23 Plus 5G,4.3,"2,98,069 Ratings & 23,494 Reviews",94999,4700.0,Qualcomm Snapdragon 8 Gen 2 Processor,1 Year,16.76,8 GB,256 GB,Full HD+,12MP,50MP + 10MP + 12MP
539,SAMSUNG Galaxy F12,4.0,"3,638 Ratings & 331 Reviews",11499,6000.0,Exynos 850 Processor,1 Year,16.55,4 GB,128 GB,HD+,8MP,48MP + 5MP + 2MP + 2MP
540,KARBONN K9 max,4.2,75 Ratings & 6 Reviews,1590,2500.0,,1 Year,6.6,64 MB,64 MB,QVGA,,2MP
541,SAMSUNG Galaxy S20 FE 5G,3.6,39 Ratings & 3 Reviews,31989,4500.0,,1 Year,16.51,8 GB,128 GB,,,32MP
542,itel Power 430,4.7,"1,89,398 Ratings & 10,410 Reviews",1635,2500.0,,12+1 Months,6.1,8 MB,8 MB,,,0.3MP
543,APPLE iPhone 13,3.7,321 Ratings & 48 Reviews,72999,,A15 Bionic Chip Processor,1 Year,15.49,,256 GB,Super Retina XDR,12MP,12MP + 12MP
544,GREENBERRI VIRAT,3.8,980 Ratings & 52 Reviews,849,1000.0,,1 Year,4.57,64 MB,64 MB,,,2MP
545,Kechaoda K55 Pro,4.1,301 Ratings & 55 Reviews,1399,400.0,,1 Year,4.57,32 MB,64 MB,Quarter QVGA,,1.3MP
546,LAVA Z2 Max,3.8,118 Ratings & 3 Reviews,7799,6000.0,MediaTek Helio Quad Core Processor,1 Year,17.78,2 GB,32 GB,HD+,8MP,13MP + 2MP
547,OnePlus 10 Pro 5G,,,66999,5000.0,,12 Months,17.02,12 GB,256 GB,,,48MP
548,itel Muzik 400,4.1,"3,139 Ratings & 342 Reviews",1789,3000.0,SC6531E Processor,1 Year,6.1,4 MB,4 MB,,,0.3MP
549,LAVA 34 Super,4.1,"1,125 Ratings & 118 Reviews",1649,2500.0,SC6531E Processor,1 Year,6.1,32 MB,32 MB,QVGA,,1.3MP
550,Redmi Go,4.3,"1,67,676 Ratings & 13,182 Reviews",5049,3000.0,Qualcomm Snapdragon 425 Processor,1 Year,12.7,1 GB,16 GB,HD,5MP,8MP
551,vivo Y16,4.3,"1,002 Ratings & 63 Reviews",12489,5000.0,Mediatek Helio P35 Processor,1 Year,16.54,4 GB,64 GB,HD+,5MP,13MP + 2MP
552,Micromax X702,3.6,258 Ratings & 16 Reviews,1120,1000.0,,1 Year,6.1,32 MB,32 MB,,,0.3MP
553,Micromax X746,4.0,"21,224 Ratings & 2,262 Reviews",1450,3000.0,,1 Year,6.1,32 MB,32 MB,,,0.3MP
554,REDMI Note 9,4.3,"1,23,801 Ratings & 9,428 Reviews",13499,5020.0,MediaTek Helio G85 Processor,1 Year,16.59,4 GB,128 GB,Full HD+,,48MP
555,MU M5000,3.9,"2,377 Ratings & 303 Reviews",1299,2500.0,,1 Year,7.11,32 MB,32 MB,,,1.3MP
556,vivo V23e 5G,4.2,"2,092 Ratings & 184 Reviews",24999,4050.0,Mediatek Dimensity 810 Processor,1 Year,16.36,8 GB,128 GB,Full HD+ AMOLED,44MP,50MP + 8MP + 2MP
557,PHILIPS Xenium E209,3.8,448 Ratings & 51 Reviews,1295,1000.0,,1 Year,6.1,32 MB,32 MB,QVGA,,0.08MP
558,Micromax X512,3.9,"9,904 Ratings & 900 Reviews",1150,1750.0,,1 Year,4.5,56 MB,24 MB,,,0.3MP
559,Nokia 110 DS,4.0,532 Ratings & 28 Reviews,1666,800.0,,1 Year,4.5,4 MB,32 MB,,,1MP
560,IQOO Z6 Lite 5G,4.2,320 Ratings & 23 Reviews,14390,5000.0,,1 Year,16.97,4 GB,64 GB,,,50MP
561,KARBONN KU3i,3.8,10 Ratings & 0 Reviews,989,1000.0,NA Processor,1 Year,4.57,52 MB,32 MB,FWVGA,0MP,0MP
562,MTR STAR,4.1,"12,540 Ratings & 1,182 Reviews",749,1100.0,,1 Year,4.5,32 MB,32 MB,,,0.3MP
563,LAVA A5,4.0,"12,751 Ratings & 1,495 Reviews",1410,1000.0,,1 Year,6.1,32 MB,24 MB,QVGA,,0.3MP
564,DIZO Star 500,3.3,"6,911 Ratings & 752 Reviews",1870,1900.0,SC6531E Processor,1 Year,7.11,32 MB,32 MB,QVGA,,0.3MP
565,Micromax Bharat 2 Plus,4.4,"67,521 Ratings & 3,117 Reviews",3599,1600.0,SC9832 Processor,1 Year,10.16,1 GB,8 GB,WVGA,2MP,5MP
566,OPPO A12,,,10990,4230.0,MediaTek Helio P35 Processor,1 Year,15.8,4 GB,64 GB,HD+,5MP,13MP + 2MP
567,LAVA A5,4.1,"12,540 Ratings & 1,182 Reviews",1410,1000.0,,1 Year,6.1,32 MB,24 MB,QVGA,,0.3MP
568,OPPO A12,4.4,"67,521 Ratings & 3,117 Reviews",10990,4230.0,MediaTek Helio P35 Processor,1 Year,15.8,4 GB,64 GB,HD+,5MP,13MP + 2MP
569,Nokia 3310 DS 2020,3.9,"35,422 Ratings & 3,590 Reviews",3799,1200.0,,1 Year,6.1,,16 MB,QVGA,,2MP
570,Cellecor A5,4.4,43 Ratings & 4 Reviews,1348,1000.0,,1 Year,4.57,32 MB,32 MB,,,1MP
571,Tecno Spark 8C,4.2,450 Ratings & 35 Reviews,8140,5000.0,Unisoc T606 Processor,1 Year,16.76,3 GB,64 GB,HD+,8MP,13MP
572,Tecno Spark 8C,4.2,102 Ratings & 10 Reviews,8799,5000.0,Unisoc T606 Processor,1 Year,16.76,4 GB,64 GB,HD+,8MP,13MP
573,SAMSUNG Galaxy M04,4.2,301 Ratings & 22 Reviews,10890,5000.0,MediaTek Helio P35 Processor,1 Year,16.51,4 GB,128 GB,HD+,,
574,REDMI 10 Prime 2022,4.2,"3,163 Ratings & 221 Reviews",12990,6000.0,,12 Months,16.51,4 GB,64 GB,,,50MP
575,Salora Coral,3.8,595 Ratings & 56 Reviews,899,1800.0,Spreadtrum Processor,1 Year,6.1,32 MB,32 MB,VGA,,1.3MP
576,Tecno Spark 8C,4.2,450 Ratings & 35 Reviews,8199,5000.0,Unisoc T606 Processor,1 Year,16.76,3 GB,64 GB,HD+,8MP,13MP
577,APPLE iPhone 13,4.7,"1,89,398 Ratings & 10,410 Reviews",73999,,A15 Bionic Chip Processor,1 Year,15.49,,256 GB,Super Retina XDR,12MP,12MP + 12MP
578,OnePlus 10R,4.5,40 Ratings & 6 Reviews,34480,5000.0,,1 Year,17.02,8 GB,128 GB,,,50MP
579,I Kall Z18,3.4,76 Ratings & 9 Reviews,6799,5000.0,,1 Year,17.32,4 GB,64 GB,,8MP,13MP
580,BlackZone S18,4.0,6 Ratings & 1 Reviews,1258,3000.0,,1 Year,6.1,32 MB,32 MB,,,0.3MP
581,Nokia 110 Dual Sim 2022,4.3,76 Ratings & 2 Reviews,1929,1000.0,,1 Year,4.5,4 MB,4 MB,,,1MP
582,Xiaomi 11Lite NE,4.2,"3,328 Ratings & 380 Reviews",20990,4250.0,Qualcomm Snapdragon 778G Processor,1 Year,16.64,6 GB,128 GB,Full HD+,20MP,64MP + 8MP + 5MP
583,BlackZone PORSCHE 911,3.8,435 Ratings & 20 Reviews,1459,800.0,,1 Year,3.66,64 MB,64 MB,,,0.3MP
584,Infinix Zero 5G 2023,4.5,13 Ratings & 2 Reviews,17999,5000.0,Mediatek Dimensity 920 Processor,1 Year,17.22,8 GB,128 GB,Full HD+,16MP,50MP + 2MP + 2MP
585,Salora Coral,3.8,595 Ratings & 56 Reviews,899,1800.0,,1 Year,6.1,32 MB,32 MB,,,1.3MP
586,Micromax Bharat 2 Plus,3.3,"6,911 Ratings & 752 Reviews",3599,1600.0,SC9832 Processor,1 Year,10.16,1 GB,8 GB,WVGA,2MP,5MP
587,SAMSUNG Galaxy A52,4.3,"1,271 Ratings & 161 Reviews",26999,4500.0,Qualcomm Snapdragon 720G Processor,1 Year,16.51,8 GB,128 GB,Full HD+,32MP,64MP + 12MP + 5MP + 5MP
588,OPPO A15s,4.3,"5,628 Ratings & 306 Reviews",14490,4230.0,,1 Year,16.56,4 GB,128 GB,,,13MP
589,Micromax X415,3.9,808 Ratings & 71 Reviews,920,1000.0,,1 Year,4.5,32 MB,32 MB,,,0.03MP
590,POCO M4 Pro,4.3,"1,48,122 Ratings & 13,348 Reviews",16499,5000.0,Mediatek Helio G96 Processor,1 Year,16.33,6 GB,128 GB,Full HD+ AMOLED,16MP,64MP + 8MP + 2MP
591,itel Magic X,3.9,107 Ratings & 8 Reviews,2295,1200.0,,12+1 Months,6.1,48 MB,128 MB,,,0.3MP
592,Nokia 105DS PLUS,4.1,265 Ratings & 17 Reviews,1548,800.0,SC6531E Processor,1 Year,4.5,32 MB,32 MB,QVGA,0MP,
593,REDMI Note 12 5G,4.3,47 Ratings & 7 Reviews,17299,5000.0,,12 Months,16.94,4 GB,128 GB,,,48MP
594,realme C25s,4.4,"50,737 Ratings & 2,939 Reviews",11999,6000.0,MediaTek Helio G85 Processor,1 Year,16.51,4 GB,128 GB,HD+,8MP,13MP + 2MP + 2MP
595,POCO M4 Pro 5G,4.3,"39,164 Ratings & 3,425 Reviews",14999,5000.0,Mediatek Dimensity 810 Processor,1 Year,16.76,4 GB,64 GB,Full HD+,16MP,50MP + 8MP
596,Redmi 9A,4.3,"14,617 Ratings & 911 Reviews",7990,5000.0,MediaTek Helio G25 Processor,1 Year,16.59,3 GB,32 GB,HD+,5MP,13MP
597,Kechaoda K10,3.9,"14,000 Ratings & 916 Reviews",1180,,,1 Year,1.68,32 MB,32 MB,,,
598,OPPO A77,4.3,324 Ratings & 17 Reviews,15499,5000.0,Mediatek Helio G35 Processor,1 Year,16.66,4 GB,64 GB,HD+,8MP,50MP + 2MP
599,Kechaoda A26,4.1,"14,609 Ratings & 1,035 Reviews",1110,,,1 Year,1.68,32 MB,32 MB,,,
600,REDMI K50i,4.3,317 Ratings & 45 Reviews,26890,5080.0,,1 Year,16.76,8 GB,256 GB,,,64MP
601,SAREGAMA Carvaan Mobile Malayalam M11,4.0,4 Ratings & 1 Reviews,1990,,,1 Year,4.57,32 MB,2000 MB,,,
602,IQOO 9T 5G,4.0,45 Ratings & 7 Reviews,48999,4700.0,,1 Year,17.22,8 GB,128 GB,,,50MP
603,vivo V23 5G,4.4,"25,860 Ratings & 2,956 Reviews",31000,4200.0,Mediatek Dimensity 920 Processor,1 Year,16.36,8 GB,128 GB,Full HD+,Dual,64MP + 8MP + 2MP
604,realme narzo 50 5G,4.1,23 Ratings & 2 Reviews,14923,5000.0,,12 Months,16.76,4 MB,64 GB,,,48MP
605,Infinix Note 12 TURBO,4.2,"7,803 Ratings & 982 Reviews",14999,5000.0,Mediatek Helio G96 Processor,1 Year,17.02,8 GB,128 GB,Full HD+ AMOLED,16MP,50MP + 2MP + AI lens
606,Tecno Spark 8T,4.2,419 Ratings & 39 Reviews,9490,5000.0,MediaTek Helio G35 Processor,1 Year,16.76,4 GB,64 GB,HD+,8MP,50MP
607,LAVA A7 2020,3.9,"1,315 Ratings & 121 Reviews",1579,1800.0,,1 Year,6.1,24 MB,32 MB,,,0.3MP
608,I Kall K3310,3.6,"61,390 Ratings & 7,190 Reviews",744,1000.0,,1 Year,4.5,32 MB,32 MB,,,0.3MP
609,Nokia 6310,3.9,"2,236 Ratings & 185 Reviews",3499,1150.0,Unisoc 6531F Processor,1 Year,7.11,8 MB,16 MB,QVGA,,0.3MP
610,SAMSUNG Galaxy A13,4.1,722 Ratings & 49 Reviews,14499,5000.0,Exynos Octa Core Processor,1 Year,16.76,4 GB,64 GB,Full HD+,8MP,50MP + 5MP + 2MP + 2MP
611,SAMSUNG Galaxy S23 Plus 5G,,,94999,4700.0,Qualcomm Snapdragon 8 Gen 2 Processor,1 Year,16.76,8 GB,256 GB,Full HD+,12MP,50MP + 10MP + 12MP
612,vivo Y21G,4.3,"2,119 Ratings & 163 Reviews",12895,5000.0,Mediatek MT6769 Helio G70 Processor,1 Year,16.54,4 GB,64 GB,HD+,8MP,13MP + 2MP
613,Infinix Note 11s Free Fire Edition,4.2,"7,554 Ratings & 995 Reviews",15999,5000.0,MediaTek Helio G96 Processor,1 Year,17.65,8 GB,128 GB,Full HD+,16MP,50MP + 2MP + 2MP
614,MOTOROLA G60,4.2,"1,33,438 Ratings & 13,517 Reviews",15999,6000.0,Qualcomm Snapdragon 732G Processor,,17.27,6 GB,128 GB,Full HD+,32MP,108MP + 8MP + 2MP
615,APPLE iPhone 14 Pro Max,4.7,735 Ratings & 63 Reviews,132999,,"A16 Bionic Chip, 6 Core Processor Processor",1 Year,17.02,,128 GB,Super Retina XDR,12MP,48MP + 12MP + 12MP + 12MP
616,APPLE iPhone 11,4.6,"1,83,377 Ratings & 10,781 Reviews",42999,,A13 Bionic Chip Processor,1 Year,15.49,,64 GB,Liquid Retina HD,12MP,12MP + 12MP
617,Infinix Note 11s,4.3,"11,940 Ratings & 1,576 Reviews",13999,5000.0,MediaTek Helio G96 Processor,1 Year,17.65,6 GB,64 GB,Full HD+,16MP,50MP + 2MP + 2MP
618,SAMSUNG Guru Music 2,4.2,"2,151 Ratings & 141 Reviews",1995,800.0,NA 0 Single Core 208MHz Processor,1 Year,5.08,0.53,NA KB,QVGA,0MP,
619,LAVA Prime X,4.0,841 Ratings & 104 Reviews,1440,800.0,,2 Year,4.57,32 MB,32 MB,Quarter QVGA,,1.3MP
620,REDMI Note 10S,4.4,"83,991 Ratings & 5,701 Reviews",16499,5000.0,Mediatek Helio G95 Processor,1 Year,16.33,6 GB,128 GB,Full HD+ Super AMOLED,13MP,64MP + 8MP + 2MP + 2MP
621,MU M370,4.1,"1,078 Ratings & 62 Reviews",1249,700.0,,1 Year,3.66,32 MB,32 MB,,,0.3MP
622,REDMI Note 12 Pro+ 5G,4.3,"5,043 Ratings & 604 Reviews",29999,4980.0,Mediatek Dimensity 1080 Processor,1 Year,16.94,8 GB,256 GB,Full HD+,16MP,200MP + 8MP + 2MP
623,Cellecor R50,4.1,56 Ratings & 7 Reviews,1459,2750.0,,1 Year,6.1,32 MB,32 MB,,,0.8MP
624,Infinix Hot 11S,4.3,"49,273 Ratings & 5,236 Reviews",11999,5000.0,Mediatek Helio G88 Processor,1 Year,17.22,4 GB,128 GB,Full HD+,8MP,50 MP + 2 MP + AI Lens
625,KARBONN K9 PUNCH,4.2,32 Ratings & 2 Reviews,1485,2500.0,NA Processor,,6.1,52 MB,32 MB,FWVGA+,0.3MP,0MP
626,Itel Magic2 4G,4.0,"18,907 Ratings & 2,724 Reviews",2899,1900.0,Unisoc T117 Processor,1 Year,6.1,64 MB,128 MB,QVGA,,1.3MP
627,Kechaoda K10,3.9,"14,000 Ratings & 916 Reviews",1075,,,1 Year,1.68,32 MB,32 MB,,,
628,REDMI Note 11 Pro,4.2,"1,138 Ratings & 84 Reviews",18300,5000.0,,12 Months,16.94,6 GB,128 GB,,,108MP
629,Nokia 110 TA-1302 DS,4.0,"24,839 Ratings & 1,962 Reviews",1699,800.0,,1 Year,4.5,4 MB,4 MB,QVGA,,1MP
630,BlackZone RANGER,3.5,880 Ratings & 63 Reviews,819,,,1 Year,4.57,64 MB,64 MB,,,
631,Nokia C01 Plus,3.8,"4,294 Ratings & 374 Reviews",5699,3000.0,Unisoc SC9863A Processor,1 Year,13.84,2 GB,32 GB,HD+,2MP,5MP
632,SAMSUNG Galaxy M04,4.2,301 Ratings & 22 Reviews,10868,5000.0,MediaTek Helio P35 Processor,1 Year,16.51,4 GB,128 GB,HD+,,
633,Micromax X809,3.8,"4,954 Ratings & 431 Reviews",1399,1000.0,,1 Year,7.11,32 MB,32 MB,,,1MP
634,Redmi Go,4.3,"1,67,676 Ratings & 13,182 Reviews",5799,3000.0,Qualcomm Snapdragon 425 Processor,1 Year,12.7,1 GB,8 GB,HD,5MP,8MP
635,OnePlus 10 Pro 5G,4.2,131 Ratings & 5 Reviews,56999,5000.0,,1 Year,17.02,8 GB,128 GB,,,48MP
636,Tecno Spark 8C,4.2,450 Ratings & 35 Reviews,7899,5000.0,,1 Year,16.76,3 GB,64 GB,,,13MP
637,SAMSUNG Galaxy F42 5G,4.1,"6,031 Ratings & 597 Reviews",22999,5000.0,MediaTek Dimensity 700 Processor,1 Year,16.76,8 GB,128 GB,Full HD+,8MP,64MP + 5MP + 2MP
638,Infinix Smart HD 2021,4.3,"66,374 Ratings & 4,304 Reviews",6499,5000.0,MediaTek Helio A20 Processor,1 Year,15.49,2 GB,32 GB,HD+,5MP,8MP
639,LAVA Hero Punch,4.1,"1,491 Ratings & 112 Reviews",949,620.0,,1 Year,4.57,24 MB,32 MB,Quarter QVGA,0MP,
640,SAMSUNG Galaxy F22,4.3,"65,393 Ratings & 6,015 Reviews",13499,6000.0,MediaTek Helio G80 Processor,1 Year,16.26,6 GB,128 GB,HD+,13MP,48MP + 8MP + 2MP + 2MP
641,MarQ by Flipkart M3 Smart,3.8,"1,279 Ratings & 213 Reviews",5499,5000.0,Octa Core Processor,,15.46,2 GB,32 GB,HD+,5MP,13MP
642,REDMI Note 10T 5G,4.3,"44,784 Ratings & 3,231 Reviews",12999,5000.0,Mediatek Dimensity 700 Processor,,16.66,4 GB,64 GB,Full HD+,8MP,48MP + 2MP + 2MP
643,IQOO Neo 6 5G,4.4,970 Ratings & 118 Reviews,29999,4700.0,,1 Year,16.81,8 GB,128 GB,,,64MP
644,realme Narzo 30 Pro 5G,4.3,"28,446 Ratings & 2,666 Reviews",19999,5000.0,MediaTek Dimensity 800U Processor,1 Year,16.51,8 GB,128 GB,Full HD+,16MP,48MP + 8MP + 2MP
645,KARBONN K9 Punch,4.2,32 Ratings & 2 Reviews,1485,2500.0,NA Processor,1 Year,6.1,52 MB,32 MB,FWVGA,0.3MP,0MP
646,APPLE iPhone 12 mini,4.5,"1,25,624 Ratings & 10,089 Reviews",56499,,A14 Bionic Chip with Next Generation Neural Engine Processor,,13.72,,256 GB,Super Retina XDR,12MP,12MP + 12MP
647,Micromax S114,4.4,375 Ratings & 50 Reviews,1126,1000.0,,1 Year,4.5,32 MB,64 MB,,,0.08MP
648,IQOO Neo 6 5G,3.7,321 Ratings & 48 Reviews,33899,4700.0,,1 Year,16.81,12 GB,256 GB,,,64MP
649,GREENBERRI VIRAT,4.0,"6,710 Ratings & 519 Reviews",849,1000.0,,1 Year,4.57,64 MB,64 MB,,,2MP
650,Kechaoda A27,4.1,"29,171 Ratings & 2,243 Reviews",1085,,,1 Year,1.68,32 MB,32 MB,,,
651,Kechaoda K115,4.1,"1,328 Ratings & 95 Reviews",1145,850.0,,6 Months,3.66,32 MB,32 MB,,,0.3MP
652,SAMSUNG Galaxy A12,4.3,"56,312 Ratings & 3,837 Reviews",14890,5000.0,MediaTek Helio P35 (MT6765) Processor,1 Year,16.51,6 GB,128 GB,HD+,8MP,48MP + 5MP + 2MP + 2MP
653,realme C15,4.2,"83,340 Ratings & 6,279 Reviews",10049,6000.0,Mediatek Helio G35 Processor,1 Year,16.56,3 GB,32 GB,HD+,8MP,13MP + 8MP + 2MP + 2MP
654,Nokia 105 SS 2021,4.3,"1,48,122 Ratings & 13,348 Reviews",1430,,,1 Year,4.5,4 MB,4 MB,Quarter QVGA,,
655,POCO M4 Pro,4.3,"17,123 Ratings & 1,704 Reviews",14999,5000.0,Mediatek Helio G96 Processor,1 Year,16.33,6 GB,64 GB,Full HD+ AMOLED,16MP,64MP + 8MP + 2MP
656,vivo V21 5G,4.3,"17,123 Ratings & 1,704 Reviews",23990,4000.0,MediaTek Dimensity 800U Processor,,16.36,8 GB,128 GB,Full HD+,44MP,64MP + 8MP + 2MP
657,vivo V21 5G,4.0,467 Ratings & 53 Reviews,27990,4000.0,MediaTek Dimensity 800U Processor,,16.36,8 GB,128 GB,Full HD+,44MP,64MP + 8MP + 2MP
658,LAVA BEU,4.3,142 Ratings & 11 Reviews,5990,4060.0,,1 Year,15.44,2 GB,32 GB,,,13MP
659,Tecno Pop 6 Pro,4.1,"2,741 Ratings & 243 Reviews",6949,5000.0,Unisoc SC9863A Processor,1 Year,16.66,2 GB,32 MB,HD+,,8MP
660,Kechaoda K28,4.6,"1,828 Ratings & 176 Reviews",1399,1700.0,,1 Year,6.1,32 MB,64 MB,QVGA,,0.3MP
661,APPLE iPhone 13 Pro Max,,,134999,,A15 Bionic Chip Processor,1 Year,17.02,,512 GB,Super Retina XDR,12MP,12MP + 12MP + 12MP
